split_type,target,full,minus_AGP,minus_DNA,minus_ER,minus_Mito,minus_RNA,loss_when_removing_AGP,loss_when_removing_DNA,loss_when_removing_ER,loss_when_removing_Mito,loss_when_removing_RNA
cell_line_holdout,cc_all_n_spots_h2ax_mean,0.3888334995014956,0.4158524426719841,0.4086953425437972,0.43800028485970666,0.13300811850163793,0.39950861700612456,-0.02701894317048853,-0.019861843042301597,-0.04916678535821106,0.25582538099985763,-0.010675117504628961
cell_line_holdout,cc_cc_mitosis,0.22284574846887914,0.17296681384418178,0.23391254807007553,0.1254522147842188,0.19329867540236437,0.24458766557470452,0.04987893462469736,-0.011066799601196387,0.09739353368466033,0.029547073066514773,-0.021741917105825376
cell_line_holdout,cc_early_mitosis_n_spots_h2ax_mean,0.25844609030052706,0.27007548782224755,0.21922090870246405,0.27209799173906857,0.10051274747187011,0.18348525851018377,-0.011629397521720486,0.039225181598063014,-0.013651901438541503,0.15793334282865695,0.0749608317903433
cell_line_holdout,cc_g1_plus_g2_count,0.392593647628543,0.3333285856715568,0.3192493946731235,0.38645492095143147,0.3313844181740493,0.39928072924084895,0.059265061956986165,0.07334425295541946,0.006138726677111517,0.0612092294544937,-0.006687081612305967
cell_line_holdout,cc_polyploid_high_h2ax,0.43212505341119506,0.3831861558182596,0.3765631676399374,0.4162868537245408,0.2340478564307079,0.39299245121777526,0.04893889759293546,0.055561885771257646,0.015838199686654286,0.19807719698048715,0.039132602193419797
cell_line_holdout,cc_polyploid_n_spots_h2ax_mean,0.3590870246403647,0.3838698191140864,0.3244765702891327,0.27725395242842904,0.09972938327873525,0.2877652756017662,-0.024782794473721725,0.034610454351232,0.08183307221193564,0.2593576413616294,0.0713217490385985
cell_line_holdout,cc_polyploid_n_spots_h2ax_per_nucleus_area_mean,0.2829440250676542,0.3588733798604188,0.3160304799886057,0.2367112946873665,0.12194131890044156,0.2725039168209657,-0.07592935479276458,-0.03308645492095147,0.04623273038028769,0.16100270616721263,0.010440108246688506
cell_line_holdout,vb_ros_mean,0.23911545595663902,0.25240498940658135,0.18685112518364777,0.10743085065683544,0.2519776732184803,0.274657479901943,-0.013289533449942326,0.05226433077299125,0.13168460529980358,-0.01286221726184128,-0.03554202394530398
gene_holdout,cc_all_n_spots_h2ax_mean,0.5056259792052414,0.453112092294545,0.5634596211365903,0.4690927218344966,0.3938826378008831,0.5113587808004557,0.05251388691069642,-0.05783364193134888,0.036533257370744865,0.11174334140435832,-0.005732801595214276
gene_holdout,cc_cc_mitosis,0.32352229027204105,0.3028129896026207,0.30319755020652334,0.3241062526705598,0.3408346389403219,0.29238712434126196,0.02070930066942034,0.02032474006551771,-0.000583962398518767,-0.017312348668280853,0.031135165930779085
gene_holdout,cc_early_mitosis_n_spots_h2ax_mean,0.3735863837060248,0.3139225181598063,0.35513459621136595,0.34927360774818406,0.19736504771400087,0.3576769690927219,0.0596638655462185,0.018451787494658867,0.02431277595784076,0.17622133599202394,0.01590941461330292
gene_holdout,cc_g1_plus_g2_count,0.6182595071927076,0.5540806152969663,0.6045862412761714,0.6049850448654039,0.5299601196410768,0.5808360632388548,0.06417889189574133,0.01367326591653617,0.013274462327303671,0.0882993875516308,0.037423443953852775
gene_holdout,cc_polyploid_high_h2ax,0.2501922803019513,0.2284235039475667,0.22521720552627833,0.2510753453923943,0.2250391682096568,0.23033043725964963,0.021768776354384595,0.024975074775672956,-0.0008830650904430026,0.025153112092294483,0.019861843042301652
gene_holdout,cc_polyploid_n_spots_h2ax_mean,0.2543939609742202,0.27715425153112094,0.248034468024498,0.20393106395100416,0.17437686939182456,0.2250106822389973,-0.022760290556900764,0.006359492949722184,0.05046289702321602,0.08001709158239562,0.029383278735222867
gene_holdout,cc_polyploid_n_spots_h2ax_per_nucleus_area_mean,0.28518017376442106,0.3086241276171485,0.3139082751744766,0.27772397094430995,0.26375872382851445,0.24935906566016242,-0.02344395385272746,-0.02872810141005555,0.007456202820111113,0.02142144993590661,0.03582110810425865
gene_holdout,vb_ros_mean,0.3256897156659096,0.27626347657555606,0.2944101706969135,0.29535382727896997,0.329353951978876,0.280689760090636,0.04942623909035354,0.0312795449689961,0.030335888386939625,-0.003664236312966418,0.04499995557527359
