split_type,target,cell_line_mean,count,fusion,global_mean,morphology,permuted_median,permuted_q95,morphology_minus_count,fusion_minus_best_simple,observed_minus_permuted,morphology_minus_count_positive_fraction,measurement
cell_line_holdout,cc_all_high_h2ax,,0.3122560888762285,0.2800384560603903,,0.2890329012961117,-7.833641931348812e-05,0.14124768551488387,-0.023223187580116822,-0.032217632815838226,0.2891112377154252,0.6666666666666666,dna_damage
cell_line_holdout,cc_all_large_notround_polynuclear_mean,,-0.10002136447799462,0.1584888192565162,,0.12043868394815554,0.04630394530693634,0.23142999572710432,0.22046004842615016,0.038050135308360655,0.07413473864121921,0.6666666666666666,shape
cell_line_holdout,cc_all_large_round_polyploid_mean,,0.2039025779803447,0.016813844181740496,,-0.05846033328585673,0.0440677966101695,0.2647471870103971,-0.2623629112662014,-0.1870887337986042,-0.10252812989602622,0.0,shape
cell_line_holdout,cc_all_n_objects,,0.6982552342971088,0.6110027061672128,,0.5960760575416608,0.07795185870958554,0.3302834354080614,-0.10217917675544796,-0.08725252812989603,0.5181241988320753,0.0,cell_viability
cell_line_holdout,cc_all_n_spots_h2ax_mean,,0.24184589089873243,0.381192137872098,,0.3888334995014956,-0.016536105967810855,0.2277154251531121,0.14698760860276316,-0.007641361629397603,0.40536960546930645,0.6666666666666666,dna_damage
cell_line_holdout,cc_all_n_spots_h2ax_per_nucleus_area_mean,,0.2918886198547216,0.3221407206950577,,0.2786426434980772,-0.032274604757157106,0.22324312775957825,-0.013245976356644373,0.030252100840336138,0.3109172482552343,0.0,dna_damage
cell_line_holdout,cc_all_nucleus_area_mean,,0.0844252955419456,0.12346531833072213,,0.11811707733941036,-0.00225751317476143,0.17648340692209086,0.033691781797464765,0.005348240991311773,0.12037459051417179,0.6666666666666666,shape
cell_line_holdout,cc_all_nucleus_roundness_mean,,0.5325096140150977,0.1554835493519442,,0.15601053980914403,0.040692209087024644,0.3440507050277737,-0.37649907420595363,-0.37702606466315347,0.11531833072211939,0.3333333333333333,shape
cell_line_holdout,cc_cc_early_mitosis,,0.3745050562597921,0.19787067369320613,,0.19345534824099134,-0.04597635664435266,0.16901865831078183,-0.18104970801880074,-0.17663438256658595,0.239431704885344,0.6666666666666666,early_mitosis
cell_line_holdout,cc_cc_g1,,0.21627973223187583,0.20915111807434839,,0.2164007976071785,0.01072496795328301,0.15603190428713845,0.00012106537530268136,-0.007249679532830122,0.2056758296538955,0.6666666666666666,g1_phase
cell_line_holdout,cc_cc_g2,,0.28330009970089737,0.15484973650477143,,0.1550206523287281,-0.016343825665859568,0.20972226178607034,-0.12827944737216926,-0.12845036319612593,0.17136447799458768,0.0,g2_phase
cell_line_holdout,cc_cc_high_h2ax,,0.43493092152115087,0.28958125623130615,,0.2945306936333856,0.043391254807007555,0.19678108531548216,-0.1404002278877653,-0.14534966528984472,0.251139438826378,0.3333333333333333,dna_damage
cell_line_holdout,cc_cc_late_mitosis,,-0.08095712861415753,0.10751317476143,,0.11595214356929215,0.03333570716422163,0.2502236148696766,0.19690927218344967,-0.008438968807862143,0.08261643640507052,1.0,late_mitosis
cell_line_holdout,cc_cc_mitosis,,-0.0522646346674263,0.22424868252385705,,0.22284574846887914,-0.008631249109813418,0.19138869106964823,0.2751103831363054,0.0014029340549779057,0.23147699757869256,1.0,mitosis
cell_line_holdout,cc_cc_n_objects,,0.7087309500071216,0.678293690357499,,0.665396667141433,0.11024070645207236,0.35338128471727676,-0.043334282865688634,-0.030437259649622628,0.5551559606893606,0.3333333333333333,cell_viability
cell_line_holdout,cc_cc_n_spots_h2ax_mean,,0.4466813844181741,0.24995727104401083,,0.2189075630252101,0.028599914542088028,0.22600484261501205,-0.227773821392964,-0.1967241133741633,0.1903076484831221,0.3333333333333333,dna_damage
cell_line_holdout,cc_cc_n_spots_h2ax_per_nucleus_area_mean,,0.5069719413189004,0.22947585813986615,,0.18367041731947018,0.02967525993448227,0.1487622845748469,-0.32330152399943024,-0.2774960831790343,0.1539951573849879,0.0,dna_damage
cell_line_holdout,cc_cc_s,,0.516009115510611,0.4259435977780943,,0.42582253240279166,0.021150833214641795,0.28021222048141287,-0.09018658310781935,-0.0900655177325167,0.4046716991881499,0.0,s_phase
cell_line_holdout,cc_early_mitosis_high_h2ax,,-0.010933370087637945,0.009755536307705051,,0.008902033568623244,0.0005974519173572647,0.08336254874105364,0.01983540365626119,0.000853502739081807,0.008304581651265979,0.6666666666666666,dna_damage
cell_line_holdout,cc_early_mitosis_n_objects,,0.44519299245121785,0.40582538099985765,,0.39877510326164367,0.05017803731662157,0.28323600626691353,-0.04641788918957418,-0.039367611451360196,0.3485970659450221,0.0,early_mitosis
cell_line_holdout,cc_early_mitosis_n_spots_h2ax_mean,,0.19763566443526565,0.2558325024925225,,0.25844609030052706,0.016258367753881214,0.11805583250249252,0.06081042586526142,-0.0026135878080045805,0.24218772254664586,0.6666666666666666,dna_damage
cell_line_holdout,cc_early_mitosis_n_spots_h2ax_per_nucleus_area_mean,,0.24805583250249258,0.17513174761429998,,0.176477709727959,0.0008617006124483692,0.13115368181170772,-0.07157812277453357,-0.0729240848881926,0.17561600911551065,0.3333333333333333,dna_damage
cell_line_holdout,cc_g1_high_h2ax,,0.41881498362056696,0.10857427716849453,,0.04936618715282724,0.04043583535108959,0.19409913117789487,-0.3694487964677397,-0.3102407064520724,0.008930351801737652,0.0,dna_damage
cell_line_holdout,cc_g1_n_objects,,0.70207947585814,0.6032046716991882,,0.5894957983193277,0.06927788064378294,0.30454920951431425,-0.11258367753881227,-0.09887480415895178,0.5202179176755448,0.0,g1_phase
cell_line_holdout,cc_g1_n_spots_h2ax_mean,,0.42827232587950437,0.10866685657313777,,0.07218344965104687,-0.018558609884631823,0.2236305369605469,-0.35608887622845753,-0.3196054693063666,0.09074205953567868,0.3333333333333333,dna_damage
cell_line_holdout,cc_g1_n_spots_h2ax_per_nucleus_area_mean,,0.5144851160803304,0.22270331861558187,,0.21306793904002283,0.05508474576271187,0.18515880928642645,-0.30141717704030757,-0.2917817974647485,0.15798319327731097,0.0,dna_damage
cell_line_holdout,cc_g1_plus_g2_count,,0.28520865973508047,0.39282865688648344,,0.392593647628543,0.05959265061956987,0.21965816835208654,0.10738498789346251,0.00023500925794045502,0.3330009970089731,0.6666666666666666,cell_cycle_count
cell_line_holdout,cc_g2_g1_count,,0.2063594929497223,0.20601053980914402,,0.20346816692778807,0.03223899729383279,0.22759151118074336,-0.002891326021934232,-0.0003489531405782842,0.1712291696339553,0.3333333333333333,cell_cycle_count
cell_line_holdout,cc_g2_high_h2ax,,0.41810995584674554,0.2821321749038599,,0.24270047001851588,-0.04710867397806581,0.2921464178891895,-0.17540948582822966,-0.13597778094288565,0.2898091439965817,0.3333333333333333,dna_damage
cell_line_holdout,cc_g2_n_objects,,0.5636732659165361,0.44928785073351385,,0.41638655462184876,0.004963680387409201,0.18837772397094432,-0.14728671129468734,-0.11438541518302225,0.4114228742344396,0.0,g2_phase
cell_line_holdout,cc_g2_n_spots_h2ax_mean,,0.32820111095285576,0.150156672838627,,0.10294829796325311,-0.04736504771400086,0.2819826235578976,-0.22525281298960265,-0.17804443811422876,0.15031334567725396,0.3333333333333333,dna_damage
cell_line_holdout,cc_g2_n_spots_h2ax_per_nucleus_area_mean,,0.30861700612448373,0.05900156672838627,,0.02633527987466173,-0.014762854294260079,0.2570047001851588,-0.282281726249822,-0.24961543939609745,0.04109813416892181,0.3333333333333333,dna_damage
cell_line_holdout,cc_g2_plus_all_m_count,,0.39342686227033186,0.05175188719555619,,0.03281583819968666,0.10689360489958696,0.2746019085600342,-0.3606110240706452,-0.3416749750747757,-0.0740777666999003,0.0,cell_cycle_count
cell_line_holdout,cc_infection_percentage,,0.005711437117219769,-0.03557185586098847,,-0.032224754308503065,0.002663438256658596,0.17241561031192126,-0.03793619142572283,-0.041283292978208236,-0.03488819256516166,0.3333333333333333,metadata
cell_line_holdout,cc_late_mitosis_high_h2ax,,0.14098538770230953,-0.03998755666145024,,-0.042214730764712875,-0.0063767168964839445,0.08569503816513105,-0.18320011846702242,-0.18097294436375977,-0.03583801386822893,0.0,dna_damage
cell_line_holdout,cc_late_mitosis_n_objects,,0.5913331434268623,0.13500925794046434,,0.12563025210084033,0.009571303182081796,0.1395898020225038,-0.46570289132602194,-0.4563238854863979,0.11605894891875854,0.0,late_mitosis
cell_line_holdout,cc_late_mitosis_n_spots_h2ax_mean,,0.07347434935727105,0.09290699330579691,,0.09374020794758582,0.015952143569292126,0.13904302799994192,0.020265858590314767,-0.0008332146417889125,0.07778806437829369,0.3333333333333333,dna_damage
cell_line_holdout,cc_late_mitosis_n_spots_h2ax_per_nucleus_area_mean,,0.008965959265061958,0.07212647770972797,,0.06239139723686085,0.002357214072069506,0.10707449081327448,0.0534254379717989,0.009735080472867114,0.060034183164791345,1.0,dna_damage
cell_line_holdout,cc_mitosis_high_h2ax,,0.09011902245481464,-0.05815453724937793,,-0.058480598138278404,0.0010893485538045786,0.08014155565164241,-0.14859962059309303,-0.14827355970419256,-0.05956994669208298,0.0,dna_damage
cell_line_holdout,cc_mitosis_n_objects,,0.4841618003133458,0.3520937188434696,,0.3405141717704031,0.14829084176043303,0.2768480273465318,-0.14364762854294272,-0.1320680814698762,0.19222333000997008,0.0,mitosis
cell_line_holdout,cc_mitosis_n_spots_h2ax_mean,,-0.05271328870531264,-0.05795470730665148,,-0.06187864976499076,-0.002008260931491241,0.09592080900156667,-0.00916536105967812,-0.0052414186013388445,-0.059870388833499516,0.3333333333333333,dna_damage
cell_line_holdout,cc_mitosis_n_spots_h2ax_per_nucleus_area_mean,,0.024996439253667575,-0.03370602478279448,,-0.0330935764136163,0.016194274319897454,0.11136305369605465,-0.058090015667283876,-0.05870246403646206,-0.04928785073351376,0.3333333333333333,dna_damage
cell_line_holdout,cc_polynuclear_high_h2ax,,0.015054835493519443,-0.02496083179034326,,-0.05347528842045293,-0.043889759293547936,0.12252243270189422,-0.06853012391397237,-0.0400156672838627,-0.009585529126904996,0.3333333333333333,dna_damage
cell_line_holdout,cc_polynuclear_n_objects,,0.41181455633100705,0.32305227175616014,,0.3138584247258226,0.06915681526848029,0.27242700470018516,-0.09795613160518446,-0.08876228457484692,0.24470160945734232,0.0,shape
cell_line_holdout,cc_polynuclear_n_spots_h2ax_mean,,0.20967810853154825,0.04816265489246546,,0.01711294687366472,0.007990314769975788,0.16601338840620974,-0.19256516165788354,-0.1615154536390828,0.009122632103688933,0.3333333333333333,dna_damage
cell_line_holdout,cc_polynuclear_n_spots_h2ax_per_nucleus_area_mean,,0.28090727816550354,-0.02388548639794901,,-0.04996439253667569,-0.023985187295257088,0.12992451217775233,-0.3308716707021792,-0.30479276456345256,-0.025979205241418606,0.0,dna_damage
cell_line_holdout,cc_polyploid_high_h2ax,,0.18927503204671703,0.44082751744765714,,0.43212505341119506,-0.007997436262640652,0.14690299448662622,0.24285002136447803,0.008702464036462076,0.4401224896738357,0.6666666666666666,dna_damage
cell_line_holdout,cc_polyploid_n_objects,,0.36260504201680677,0.18383421165076202,,0.32783791482694774,0.05182310212220482,0.2933741632246118,-0.034767127189859026,-0.17877083036604474,0.27601481270474293,0.6666666666666666,shape
cell_line_holdout,cc_polyploid_n_spots_h2ax_mean,,0.17981056829511466,0.38456060390257807,,0.3590870246403647,-0.013666144423871244,0.24275601766130167,0.17927645634525002,0.025473579262213386,0.37275316906423595,0.6666666666666666,dna_damage
cell_line_holdout,cc_polyploid_n_spots_h2ax_per_nucleus_area_mean,,0.21405070502777387,0.32544509329155397,,0.2829440250676542,-0.014549209514314203,0.19933485258510186,0.06889332003988033,0.04250106822389976,0.2974932345819684,0.6666666666666666,dna_damage
cell_line_holdout,cc_s_high_h2ax,,0.233107819398946,0.11827375017803735,,0.11564591938470306,-0.056160091155106125,0.20144423871243397,-0.11746190001424295,-0.11483406922090866,0.17180601053980918,0.6666666666666666,dna_damage
cell_line_holdout,cc_s_intensity_nucleus_area_mean,,0.38512320182310217,0.13464606181455632,,0.13078621279020083,-0.020595356786782513,0.2667212647770972,-0.25433698903290136,-0.2504771400085458,0.15138156957698334,0.3333333333333333,s_phase
cell_line_holdout,cc_s_intensity_nucleus_area_sum,,0.7195484973650479,0.63031619427432,,0.6019370460048427,0.07120780515596069,0.34845890898732357,-0.11761145136020523,-0.08923230309072794,0.530729240848882,0.0,s_phase
cell_line_holdout,cc_s_n_objects,,0.7063594929497223,0.6223472439823389,,0.5943170488534397,0.11461330294829797,0.3507605754166073,-0.11204244409628261,-0.08401224896738346,0.47970374590514175,0.0,s_phase
cell_line_holdout,cc_s_n_spots_h2ax_mean,,0.22543797179888908,0.2924440962825809,,0.2678322176328159,-0.018551488391966957,0.19578122774533543,0.042394245833926814,0.024611878649764996,0.28638370602478286,0.6666666666666666,dna_damage
cell_line_holdout,cc_s_n_spots_h2ax_per_nucleus_area_mean,,0.28379860418743774,0.08405497792337276,,0.08047286711294689,-0.013822817262498222,0.19717419171058234,-0.20332573707449086,-0.199743626264065,0.09429568437544511,0.3333333333333333,dna_damage
cell_line_holdout,vb_infection_percentage,,0.005711437117219769,-0.03557185586098847,,-0.032224754308503065,0.002663438256658596,0.17241561031192126,-0.03793619142572283,-0.041283292978208236,-0.03488819256516166,0.3333333333333333,metadata
cell_line_holdout,vb_live_cell_area,,-0.4409058538669705,0.10119641076769692,,0.10784788491667854,-0.07441247685514885,0.13797322318758012,0.5487537387836491,-0.006651474148981623,0.1822603617718274,1.0,shape
cell_line_holdout,vb_live_cell_roundness,,0.6470873095000713,0.5065090442956844,,0.5588805013530836,0.06383706024782795,0.3442885628827801,-0.08820680814698767,-0.14057826520438688,0.49504344110525567,0.6666666666666666,shape
cell_line_holdout,vb_live_cell_width_length,,0.5493234581968381,0.5178607036034755,,0.5024141860133885,0.04150405925081897,0.36849451645064785,-0.046909272183449646,-0.031462754593362674,0.46091012676256954,0.3333333333333333,shape
cell_line_holdout,vb_num_live_cells,,0.6889759293547929,0.40165218629824817,,0.3665859564164649,0.028514456630109673,0.293250249252243,-0.322389972938328,-0.28732374305654473,0.33807149978635526,0.0,death
cell_line_holdout,vb_percent_all_apoptosis,,0.2890044153254523,0.07796519110860096,,0.07769079126787684,-0.02477794925395843,0.1738541518302235,-0.21131362405757545,-0.21103922421685134,0.10246874052183527,0.3333333333333333,apoptosis
cell_line_holdout,vb_percent_caspase_dead_only,,0.1491637557471205,-0.0059322033898305095,,-0.006302521008403362,-0.018024497934767132,0.0931263352798745,-0.15546627675552388,-0.155095959136951,0.011721976926363769,0.3333333333333333,apoptosis
cell_line_holdout,vb_percent_dead,,0.46070360347528844,0.19312775957840767,,0.1934624697336562,0.01406494801310355,0.23411052556615858,-0.2672411337416323,-0.26757584389688077,0.17939752172055265,0.3333333333333333,death
cell_line_holdout,vb_percent_dead_only,,0.4757869249394674,0.0005697194131890045,,0.006145848169776385,-0.006929212362911268,0.24742629255091864,-0.469641076769691,-0.4752172055262784,0.013075060532687654,0.3333333333333333,apoptosis
cell_line_holdout,vb_percent_early_apoptosis,,0.21373023785785503,0.11369025389722343,,0.11338939127585845,-0.0038037631415427913,0.11651549717975537,-0.10034084658199657,-0.1000399839606316,0.11719315441740125,0.3333333333333333,apoptosis
cell_line_holdout,vb_percent_late_apoptosis,,0.23289417461900014,-0.014603049393185415,,-0.016442086785594053,0.0037530266343825673,0.1744584262225233,-0.2493362614045942,-0.24749722401218555,-0.02019511341997662,0.3333333333333333,apoptosis
cell_line_holdout,vb_percent_live,,0.4596852300242131,0.19084176043298676,,0.1904002278877653,0.012035322603617721,0.2368295114656031,-0.2692850021364478,-0.2688434695912263,0.17836490528414758,0.3333333333333333,death
cell_line_holdout,vb_ros_back_mean,,-0.05804022124882365,0.16843379747649295,,0.13287752965825234,0.0010647295020184229,0.19623498867434658,0.190917750907076,0.03555626781824062,0.13181280015623392,1.0,ros
cell_line_holdout,vb_ros_mean,,-0.12742924825996407,0.24279037517430793,,0.23911545595663902,0.03640733922620855,0.19756607860028122,0.3665447042166031,0.0036749192176689094,0.2027081167304305,1.0,ros
gene_holdout,cc_all_high_h2ax,-0.20952079387325523,0.236269762142145,0.506266913545079,-0.17455341817254996,0.5023999430280587,0.026349522859991457,0.1213715994872525,0.26613018088591367,0.0038669705170203406,0.4760504201680672,0.6666666666666666,dna_damage
gene_holdout,cc_all_large_notround_polynuclear_mean,-0.20845963468549739,-0.12598632673408347,0.2745192992451218,-0.14045822810561825,0.2702464036462043,-0.04576271186440679,0.07440677966101686,0.3962327303802877,0.0042728955989175255,0.31600911551061106,1.0,shape
gene_holdout,cc_all_large_round_polyploid_mean,-0.20948808691198872,0.17350092579404647,0.3319114086312491,-0.03548705297416203,0.2848668280871671,0.020894459478706738,0.11300669420310495,0.11136590229312066,0.047044580544082004,0.2639723686084604,0.3333333333333333,shape
gene_holdout,cc_all_n_objects,-0.1605657410709064,0.6872952570858853,0.616735507762427,-0.18878821453709607,0.5973508047286712,-0.01808146987608603,0.14564734368323592,-0.08994445235721416,-0.07055974932345832,0.6154322746047572,0.0,cell_viability
gene_holdout,cc_all_n_spots_h2ax_mean,-0.21133421317014278,0.06110952855718559,0.5184233015239995,-0.1620666271823584,0.5056259792052414,0.025566158666856575,0.13993875516308213,0.44451645064805584,0.012797322318758075,0.48005982053838486,1.0,dna_damage
gene_holdout,cc_all_n_spots_h2ax_per_nucleus_area_mean,-0.18488518382595934,0.13218914684517877,0.5337487537387837,-0.17598889036146895,0.5214713003845607,0.01652186298248113,0.13664150405925077,0.3892821535393819,0.012277453354223034,0.5049494374020795,1.0,dna_damage
gene_holdout,cc_all_nucleus_area_mean,-0.1642180184123332,0.042600769121207804,0.5267554479418887,-0.1166693649444442,0.5276883634809857,0.004002278877652756,0.17445093291553904,0.4850875943597779,-0.0009329155390970234,0.5236860846033329,1.0,shape
gene_holdout,cc_all_nucleus_roundness_mean,-0.1858373198094955,0.5346816692778807,0.5337060247827946,-0.1858373198094955,0.5321108104258654,0.022368608460333287,0.17012106537530244,-0.0025708588520153564,-0.0009756444950861365,0.5097422019655321,0.3333333333333333,shape
gene_holdout,cc_cc_early_mitosis,-0.1989528112773655,0.3540734938043014,0.369897450505626,-0.16523920242520973,0.3684589089873238,0.007862127902008263,0.10459336276883631,0.014385415183022388,0.0014385415183021943,0.36059678108531557,0.3333333333333333,early_mitosis
gene_holdout,cc_cc_g1,-0.12937056823627177,0.14442387124341263,0.36071072496795337,-0.023483598189353302,0.36137302378578556,-0.021798889047144287,0.10720410197977491,0.21694915254237293,-0.0006622988178321965,0.38317191283292984,0.6666666666666666,g1_phase
gene_holdout,cc_cc_g2,-0.17460066156104603,0.2828941746190002,0.24902435550491386,0.009670358214464428,0.24678108531548215,0.003980914399658169,0.1717248255234295,-0.03611308930351803,-0.03386981911408632,0.24280017091582398,0.3333333333333333,g2_phase
gene_holdout,cc_cc_high_h2ax,-0.14722130087417076,0.4067867825096141,0.5172553767269621,-0.13663878185105152,0.5172482552342972,0.00028485970659450225,0.21031761857285272,0.1104614727246831,7.1214926649076915e-06,0.5169633955277027,0.6666666666666666,dna_damage
gene_holdout,cc_cc_late_mitosis,-0.1777259934154013,0.06583819968665433,0.351766130180886,-0.07828229473798508,0.355390969947301,0.010888762284574848,0.14933057968950286,0.2895527702606467,-0.0036248397664150334,0.34450220766272616,1.0,late_mitosis
gene_holdout,cc_cc_mitosis,-0.1815345373495459,-0.09574846887907706,0.32589374732944026,-0.04118533244814933,0.32352229027204105,-0.02418458908987324,0.09257940464321322,0.4192707591511181,0.0023714570573992177,0.3477068793619143,1.0,mitosis
gene_holdout,cc_cc_n_objects,-0.1955803601601077,0.6974077766699901,0.631662156387979,-0.18799234514627766,0.6142572283150549,-0.0067369320609599785,0.13126477709727957,-0.08315054835493518,-0.06574562028201114,0.6209941603760148,0.0,cell_viability
gene_holdout,cc_cc_n_spots_h2ax_mean,-0.1619612380849441,0.41913545079048575,0.5456986184304231,-0.1378198665634532,0.5473721692066659,-0.014364050705027775,0.22928500213644748,0.12823671841618012,-0.0016735507762427604,0.5617362199116936,1.0,dna_damage
gene_holdout,cc_cc_n_spots_h2ax_per_nucleus_area_mean,-0.16101637031502272,0.4752172055262784,0.5654892465460761,-0.13236507224556102,0.5525851018373451,-0.023821392963965248,0.1689773536533255,0.07736789631106672,0.012904144708731025,0.5764064948013103,1.0,dna_damage
gene_holdout,cc_cc_s,-0.16777580897676786,0.5017590086882211,0.6237715425153112,-0.02149574176571105,0.6205739923087881,-0.0026705597493234586,0.07373308645492094,0.11881498362056697,0.0031975502065231254,0.6232445520581116,1.0,s_phase
gene_holdout,cc_early_mitosis_high_h2ax,-0.21248259092127797,-0.023919414262767637,0.08141562628101355,-0.1841874353189405,0.08324638965634404,-8.535027390818069e-06,0.09093559583273196,0.10716580391911168,-0.001830763375330488,0.08325492468373485,1.0,dna_damage
gene_holdout,cc_early_mitosis_n_objects,-0.10711166404100886,0.44331291838769415,0.4907705455063382,-0.10187855023836745,0.4917817974647487,-0.008111380145278452,0.11272895598917533,0.04846887907705455,-0.0010112519584105084,0.49989317761002716,1.0,early_mitosis
gene_holdout,cc_early_mitosis_n_spots_h2ax_mean,-0.23430176819284673,0.1458196838057257,0.36986184304230174,-0.19626720634670441,0.3735863837060248,-0.0018231021222048142,0.10491240564022215,0.2277666999002991,-0.003724540663723075,0.37540948582822964,1.0,dna_damage
gene_holdout,cc_early_mitosis_n_spots_h2ax_per_nucleus_area_mean,-0.20369532066100926,0.1834781370175189,0.3343968095712862,-0.20279769627958397,0.32753169064235865,-0.017255376726961976,0.100207947585814,0.14405355362483976,0.006865118928927549,0.34478706736932063,0.6666666666666666,dna_damage
gene_holdout,cc_g1_high_h2ax,-0.17945582825571887,0.38389118359208096,0.40770545506338135,-0.14123229285559227,0.4058325024925225,0.01206380857427717,0.09839908844893887,0.021941318900441542,0.0018729525708588435,0.3937686939182453,0.6666666666666666,dna_damage
gene_holdout,cc_g1_n_objects,-0.203291934805389,0.6899871813132035,0.5839623985187296,-0.18951503589857405,0.5680743483834212,-0.0031192137872097995,0.15927930494231585,-0.12191283292978228,-0.10602478279447392,0.571193562170631,0.0,g1_phase
gene_holdout,cc_g1_n_spots_h2ax_mean,-0.17043234105296987,0.38619854721549646,0.48636946303945316,-0.12025986247014539,0.48526563167639936,-0.0484617575843897,0.16939324882495355,0.0990670844609029,0.0011038313630538088,0.533727389260789,0.6666666666666666,dna_damage
gene_holdout,cc_g1_n_spots_h2ax_per_nucleus_area_mean,-0.1730961413427866,0.46963395527702617,0.5321321749038599,-0.13982952762793982,0.5319470160945734,-0.0221193562170631,0.11453069363338551,0.06231306081754723,0.00018515880928648976,0.5540663723116365,1.0,dna_damage
gene_holdout,cc_g1_plus_g2_count,-0.17308523902236447,0.2535892323030908,0.6198476000569719,-0.14182101815838943,0.6182595071927076,-0.033884062099416044,0.12007976071784646,0.36467027488961684,0.0015880928642643122,0.6521435692921237,1.0,cell_cycle_count
gene_holdout,cc_g2_g1_count,-0.11160342005494273,0.22238997293832788,0.24109101267625696,0.021957273330249563,0.24299957271044015,-0.009955846745477854,0.1506836632958267,0.02060959977211227,-0.0019085600341831876,0.252955419455918,0.3333333333333333,cell_cycle_count
gene_holdout,cc_g2_high_h2ax,-0.16894235726194,0.39910269192422737,0.4179247970374591,-0.14193730957622594,0.4106323885486398,-0.0021079618287993163,0.17807862127902002,0.011529696624412444,0.007292408488819291,0.4127403503774391,0.6666666666666666,dna_damage
gene_holdout,cc_g2_n_objects,-0.21331480138017025,0.5353510895883777,0.572333000997009,-0.2193219799327857,0.5615225751317477,-0.011850163794331294,0.08996439253667568,0.02617148554337001,0.010810425865261264,0.5733727389260791,0.3333333333333333,g2_phase
gene_holdout,cc_g2_n_spots_h2ax_mean,-0.17361581861624337,0.31620139581256235,0.3925794046432132,-0.14099607591311197,0.38539381854436694,-0.02403503774391113,0.1741646489104116,0.06919242273180459,0.007185586098846286,0.4094288562882781,1.0,dna_damage
gene_holdout,cc_g2_n_spots_h2ax_per_nucleus_area_mean,-0.178692665826167,0.29104116222760296,0.41704173194701616,-0.14028015687205617,0.39740777666999005,-0.005860988463181884,0.17316051844466604,0.1063666144423871,0.019633955277026105,0.40326876513317195,1.0,dna_damage
gene_holdout,cc_g2_plus_all_m_count,-0.19500253717773275,0.3977496083179035,0.3468523002421308,-0.05405733875992423,0.34574134738641227,-0.023550776242700473,0.09111522575131747,-0.052008260931491246,-0.050897308075772696,0.36929212362911273,0.3333333333333333,cell_cycle_count
gene_holdout,cc_infection_percentage,-0.15322847942678625,0.010639510041304659,0.20289132602193422,0.034734792865032324,0.20628827802307367,-0.023386981911408634,0.09855718558609869,0.195648767981769,-0.0033969520011394583,0.22967525993448232,1.0,metadata
gene_holdout,cc_late_mitosis_high_h2ax,-0.11535393415747208,0.11577919430389795,-0.09494643673541474,-0.05945663450482492,-0.08925510330583317,-0.04555823747700208,0.048994068153360285,-0.20503429760973113,-0.2107256310393127,-0.04369686582883109,0.0,dna_damage
gene_holdout,cc_late_mitosis_n_objects,-0.13173115513849404,0.5720979917390685,0.39722973935336847,-0.07436472759961879,0.39130465745620285,-0.015553339980059823,0.0945208630019429,-0.18079333428286565,-0.17486825238570003,0.40685799743626266,0.3333333333333333,late_mitosis
gene_holdout,cc_late_mitosis_n_spots_h2ax_mean,-0.15678246301608814,-0.08278884977918112,-0.040315029783972126,-0.08888948969418141,-0.038714807669349004,-0.015418031619427433,0.058310066436318427,0.044074042109832116,-0.0016002221146231219,-0.023296776049921572,1.0,dna_damage
gene_holdout,cc_late_mitosis_n_spots_h2ax_per_nucleus_area_mean,-0.14197974563970733,-0.12643498077196982,-0.010673179575835346,-0.11881348796080422,-0.007253837038456696,-0.007249679532830081,0.06689787779518587,0.11918114373351313,-0.00341934253737865,-4.157505626615522e-06,1.0,dna_damage
gene_holdout,cc_mitosis_high_h2ax,-0.1696153584104375,0.07605633185933294,-0.0684055462347238,-0.14646014545858696,-0.06812152723299432,-0.005784816458134658,0.10743832728000104,-0.14417785909232728,-0.14446187809405675,-0.06233671077485966,0.0,dna_damage
gene_holdout,cc_mitosis_n_objects,-0.18594634301371718,0.4651402934054978,0.3379219484403932,-0.11829017658054007,0.3375445093291554,-0.03333570716422163,0.08012818686796747,-0.12759578407634237,-0.1272183449651046,0.37088021649337705,0.3333333333333333,mitosis
gene_holdout,cc_mitosis_n_spots_h2ax_mean,-0.1247043750955832,-0.0645349665289845,0.09181740492807293,0.008529248676944013,0.08649052841475574,-0.020160945734225895,0.0886625836775387,0.15102549494374023,0.005326876513317189,0.10665147414898163,0.6666666666666666,dna_damage
gene_holdout,cc_mitosis_n_spots_h2ax_per_nucleus_area_mean,-0.18652780010289957,-0.05702891326021935,0.1576912120780516,-0.1110692063542564,0.14819114086312493,-0.014869676684233018,0.07868109955846744,0.20522005412334426,0.009500071214926659,0.16306081754735796,0.6666666666666666,dna_damage
gene_holdout,cc_polynuclear_high_h2ax,-0.14113417197179276,0.1654109101267626,0.29459478706736936,-0.059450353262090784,0.2928072924084889,0.010390257798034468,0.16115653040877362,0.1273963822817263,0.0017874946588804508,0.2824170346104544,1.0,dna_damage
gene_holdout,cc_polynuclear_n_objects,-0.14204633278044762,0.42249679532830087,0.3694131890044154,-0.16354934275977343,0.3703176185728529,-0.04056402221905712,0.14529411764705855,-0.052179176755447976,-0.05308360632388548,0.41088164079191003,0.6666666666666666,shape
gene_holdout,cc_polynuclear_n_spots_h2ax_mean,-0.12546026931152027,0.16872952570858854,0.2988320752029626,-0.11100742653853078,0.2801666429283578,-0.004607605754166074,0.14079475858139864,0.11143711721976926,0.01866543227460482,0.2847742486825239,1.0,dna_damage
gene_holdout,cc_polynuclear_n_spots_h2ax_per_nucleus_area_mean,-0.1647595003266343,0.23030907278165505,0.3109457342258938,-0.1719586659120736,0.2870388833499502,-0.008844893889759294,0.14648767981768962,0.05672981056829515,0.023906850875943575,0.2958837772397095,1.0,dna_damage
gene_holdout,cc_polyploid_high_h2ax,-0.1514815528310403,0.14287138584247258,0.271350235009258,-0.14035283900820394,0.2501922803019513,0.026420737786640083,0.14507704644517075,0.1073208944594787,0.021157954707306692,0.2237715425153112,1.0,dna_damage
gene_holdout,cc_polyploid_n_objects,-0.22166961293035958,0.291091012676257,0.33285144566301095,-0.12224045068017286,0.3344893889759294,-0.0013886910696481985,0.15481697763851293,0.043398376299672414,-0.001637943312918444,0.33587808004557757,1.0,shape
gene_holdout,cc_polyploid_n_spots_h2ax_mean,-0.22071384284001597,0.11812419883207521,0.26231306081754735,-0.21181754937552563,0.2543939609742202,-0.014378293690357499,0.12139723686084596,0.13626976214214498,0.007919099843327171,0.26877225466457766,0.6666666666666666,dna_damage
gene_holdout,cc_polyploid_n_spots_h2ax_per_nucleus_area_mean,-0.2656677440474286,0.15713573565019232,0.3146845178749466,-0.2656677440474286,0.28518017376442106,-0.018857712576556048,0.09265916536105968,0.12804443811422875,0.02950434411052555,0.3040378863409771,1.0,dna_damage
gene_holdout,cc_s_high_h2ax,-0.14498995929443342,0.16990457199829084,0.37846460618145567,-0.09523540299445878,0.37765275601766135,0.01172909841902863,0.13793191853012368,0.2077481840193705,0.0008118501637943143,0.3659236575986327,1.0,dna_damage
gene_holdout,cc_s_intensity_nucleus_area_mean,-0.17508036365962149,0.360831790343256,0.3658168352086598,-0.09161946672110587,0.36999715140293415,-0.04864691639367612,0.09494231590941461,0.009165361059678134,-0.004180316194274336,0.4186440677966103,0.6666666666666666,s_phase
gene_holdout,cc_s_intensity_nucleus_area_sum,-0.1711264554531813,0.707570146702749,0.7199259364762856,-0.17531294649529444,0.7021150833214642,-0.0045862412761714854,0.13622560888762278,-0.005455063381284764,0.012355789773536574,0.7067013245976357,0.6666666666666666,s_phase
gene_holdout,cc_s_n_objects,-0.1799537008883313,0.6962469733656176,0.7123557897735368,-0.17855820387429358,0.6956274035037745,-0.014577695484973653,0.13319755020652324,-0.0006195698618430834,0.01610881640791917,0.7102050989887482,0.6666666666666666,s_phase
gene_holdout,cc_s_n_spots_h2ax_mean,-0.1733250900716522,0.10230736362341547,0.42742486825238574,-0.1160224939327288,0.4259863267340835,0.005170203674690215,0.07288990172340123,0.323678963110668,0.0014385415183022499,0.42081612305939325,1.0,dna_damage
gene_holdout,cc_s_n_spots_h2ax_per_nucleus_area_mean,-0.15525994513211716,0.23464606181455638,0.45970659450220774,-0.14010571974530142,0.4568936048995871,0.011543939609742202,0.12765560461472716,0.2222475430850307,0.0028129896026206636,0.4453496652898449,0.6666666666666666,dna_damage
gene_holdout,vb_infection_percentage,-0.15322847942678625,0.010639510041304659,0.20289132602193422,0.034734792865032324,0.20628827802307367,-0.023386981911408634,0.09855718558609869,0.195648767981769,-0.0033969520011394583,0.22967525993448232,1.0,metadata
gene_holdout,vb_live_cell_area,-0.2300425950145858,-0.16405070502777383,0.5691995442244695,-0.13205980727374025,0.5663651901438542,0.010867397806580262,0.12061244836917812,0.7304158951716281,0.0028343540806152756,0.5554977923372739,1.0,shape
gene_holdout,vb_live_cell_roundness,-0.14127226803047357,0.6362341546788208,0.6254593362768837,-0.11592800715573666,0.6200754878222476,0.016956274035037744,0.15103119213787214,-0.01615866685657319,-0.01077481840193717,0.6031192137872099,0.6666666666666666,shape
gene_holdout,vb_live_cell_width_length,-0.10200937808343348,0.5339837629967242,0.6133527987466173,-0.0872330998045863,0.6088591368750891,0.010183734510753455,0.12839481555333998,0.07487537387836485,0.004493661871528221,0.5986754023643356,0.6666666666666666,shape
gene_holdout,vb_num_live_cells,-0.13267397132418918,0.6814769975786926,0.6606537530266345,-0.11776323109346853,0.6555903717419173,0.0315909414613303,0.12673978065802588,-0.025886625836775368,-0.020823244552058084,0.6239994302805869,0.0,death
gene_holdout,vb_percent_all_apoptosis,-0.07122849342484133,0.2886483406922091,0.11551061102407066,-0.115884397874048,0.1155034895314058,-0.0004130465745620283,0.14257798034468022,-0.17314485116080333,-0.17313772966813845,0.11591653610596782,0.6666666666666666,apoptosis
gene_holdout,vb_percent_caspase_dead_only,-0.11115279081082638,-0.1384062099416038,-0.020185942835702804,-0.06280463384531164,-0.027296778581495446,-0.038883349950149554,0.08829511465603186,0.11110943136010835,0.007110835745792642,0.011586571368654108,1.0,apoptosis
gene_holdout,vb_percent_dead,-0.13551584284756804,0.4561600911551062,0.22087309500071217,-0.010259083517261586,0.22662013958125624,0.003339980059820539,0.12452642073778654,-0.22953995157384996,-0.23528699615439402,0.2232801595214357,0.3333333333333333,death
gene_holdout,vb_percent_dead_only,-0.1406108605915286,0.4744338413331434,0.25109670987038885,-0.06793235855053874,0.2489246546076058,5.6971941318900445e-05,0.11576840905853862,-0.22550918672553763,-0.22333713146275458,0.2488676826662869,0.3333333333333333,apoptosis
gene_holdout,vb_percent_early_apoptosis,-0.18111661506669607,0.13889047144281444,0.0013753719833827043,-0.12063780957811394,0.00035816978733924586,-0.008588520153824242,0.11176370982698494,-0.1385323016554752,-0.13751509945943174,0.008946689941163488,0.6666666666666666,apoptosis
gene_holdout,vb_percent_late_apoptosis,-0.11029264722967837,0.24163224611878656,0.20522717561600914,-0.07553127588479093,0.20590371741917107,-0.022518159806295405,0.09871813132032474,-0.035728528699615486,-0.036405070502777415,0.22842187722546647,0.6666666666666666,apoptosis
gene_holdout,vb_percent_live,-0.13710031341559004,0.45588235294117657,0.21971229169633955,-0.01044442296443847,0.22692636376584538,0.004571998290841761,0.12392963965247107,-0.2289559891753312,-0.23617006124483703,0.22235436547500362,0.3333333333333333,death
gene_holdout,vb_ros_back_mean,-0.2297098521844696,0.06961336800989347,0.16145073876927515,-0.17301425300278883,0.15445343618912064,0.008962957045419297,0.1291235569457846,0.08484006817922717,0.0069973025801545186,0.14549047914370133,0.6666666666666666,ros
gene_holdout,vb_ros_mean,-0.13338548290810626,-0.06720615348359095,0.3502782013228902,-0.09518137145952753,0.3256897156659096,-0.005740280793490627,0.13754738340054984,0.39289586914950053,0.02458848565698063,0.33142999645940024,1.0,ros
