assay,SCM_minus_SC_logit_median,SCM_minus_SC_logit_positive_fraction,CM_minus_C_logit_median,CM_minus_C_rf_median
ADRA1A_Antagonist,-0.056430699563324915,0.0,-0.010535344710842387,0.13616272836611337
ADRA2A_Antagonist,-0.11628155204998586,0.4444444444444444,0.08088024674222061,0.04323340205846152
ADRA2B_Antagonist,0.023497417037971646,0.5555555555555556,0.1406006206668562,0.05261937379295023
CAR_Antagonist,-0.0034005903952400857,0.3333333333333333,-0.021179685803505127,0.03476141954288843
ERa_Antagonist,-0.046822750994094775,0.3333333333333333,-0.046385670189991346,0.010961665629411282
ERb_Antagonist,-0.04033358970070608,0.2222222222222222,-0.07320810677458947,0.022840633764684454
GPR119_Antagonist,0.04334279720716666,0.6666666666666666,0.08087213827199685,0.019210287566912843
GR_Agonist,-0.1882097053292705,0.0,0.4066645202752121,0.556816723752553
HCTR1_Antagonist,-0.05665925661307861,0.3333333333333333,-0.0033797445414116833,0.042592168261790186
PPARa_Antagonist,0.05729989872904817,0.6666666666666666,0.14116318733440852,0.09832815068324785
PPARg_Antagonist,-0.021252609781302056,0.4444444444444444,-0.008245554759054363,-0.016764508365951142
PR_Agonist,-0.12834942500835167,0.0,0.3295797550427281,0.3435293049587991
PR_Antagonist,-0.03274738214715921,0.4444444444444444,0.05827171771661227,-0.021591986995595974
PXR_Agonist,-0.07725651489105523,0.1111111111111111,0.029132596476826145,0.05795670638674294
RARa_Antagonist,0.11517196689830961,0.6666666666666666,0.24592553815103155,0.11455232570943712
RARb_Antagonist,0.16536853695058185,0.8888888888888888,0.25176216547946156,0.27722952519537003
RARg_Antagonist,0.12046423696839795,0.7777777777777778,0.14597748228729313,0.09468423956489541
RORa_Antagonist,0.03597713663717636,0.6666666666666666,-0.04045979171263639,0.06943553602299238
RORb_Antagonist,-0.09582916884150261,0.1111111111111111,0.02743615865449217,0.026767986507416797
RORg_Antagonist,-0.06507124554780358,0.0,-0.051410679022813696,0.03365241916771171
RXRa_Antagonist,-0.04961019149552959,0.3333333333333333,0.15796878118180302,0.0703264652732623
RXRb_Antagonist,0.09982252586873791,0.7777777777777778,0.2822419872311159,0.1851552366603709
RXRg_Antagonist,0.12730882209121058,0.7777777777777778,0.2543822475220648,0.2282624343958934
SF1_Antagonist,0.019191036788091947,0.6666666666666666,0.09458766313863434,0.055970552524574446
