assay,seed,fold,model,n_train,n_test,scaffold_overlap,average_precision,roc_auc,brier
SR-ARE,17,1,C,849,232,0,0.3423601347510534,0.6314062500000001,0.22803635894293733
SR-ARE,17,1,S,849,232,0,0.23360459324043495,0.5915625,0.18222723238277752
SR-ARE,17,1,C+M,849,232,0,0.2413510362257658,0.53953125,0.21443155942791367
SR-ARE,17,1,S+M,849,232,0,0.29299364981654413,0.5745312499999999,0.17354003843242116
SR-ARE,17,1,S+C,849,232,0,0.25299328774698165,0.62546875,0.17226021154766039
SR-ARE,17,1,S+C+M,849,232,0,0.3015401744986647,0.58984375,0.1696519951218747
SR-ARE,17,2,C,869,212,0,0.3435830356734404,0.6003047232097511,0.23130591480742912
SR-ARE,17,2,S,869,212,0,0.4093756600980082,0.7629930590824446,0.1301023222190921
SR-ARE,17,2,C+M,869,212,0,0.40067795298660736,0.7005248010834604,0.1822340910780747
SR-ARE,17,2,S+M,869,212,0,0.4417740898995982,0.7624851870661927,0.12328813801226554
SR-ARE,17,2,S+C,869,212,0,0.4462632159063708,0.7645166751312003,0.13267228789956317
SR-ARE,17,2,S+C+M,869,212,0,0.44569612456780405,0.7670560352124598,0.12542705003837465
SR-ARE,17,3,C,870,211,0,0.3540775100182514,0.6263966480446929,0.22851296312899935
SR-ARE,17,3,S,870,211,0,0.36931375429173746,0.6888966480446927,0.1330130134701305
SR-ARE,17,3,C+M,870,211,0,0.32268077520813726,0.6131284916201117,0.21260406756229983
SR-ARE,17,3,S+M,870,211,0,0.4016688330642587,0.6670740223463687,0.143452246868889
SR-ARE,17,3,S+C,870,211,0,0.4293513340056744,0.7098463687150838,0.12907297880173016
SR-ARE,17,3,S+C+M,870,211,0,0.4202284560221732,0.6901187150837989,0.13872337702321474
SR-ARE,17,4,C,869,212,0,0.3456979521437385,0.6673611111111111,0.22762842211461587
SR-ARE,17,4,S,869,212,0,0.31902655745959546,0.7001736111111112,0.1496842231120829
SR-ARE,17,4,C+M,869,212,0,0.3405280336463754,0.6210069444444445,0.23605570255508979
SR-ARE,17,4,S+M,869,212,0,0.36328838288130366,0.6921874999999998,0.15954575127259044
SR-ARE,17,4,S+C,869,212,0,0.409732833307718,0.7289930555555555,0.13297634942028522
SR-ARE,17,4,S+C+M,869,212,0,0.36330862848627815,0.6855902777777778,0.16522026806424805
SR-ARE,17,5,C,867,214,0,0.24901196018950975,0.5944444444444444,0.24011420479456896
SR-ARE,17,5,S,867,214,0,0.369818037300379,0.7089869281045751,0.14854887770150244
SR-ARE,17,5,C+M,867,214,0,0.2759842136173333,0.6772875816993464,0.19596125201079567
SR-ARE,17,5,S+M,867,214,0,0.42054155246805325,0.7408496732026144,0.145100968584702
SR-ARE,17,5,S+C,867,214,0,0.38172361804188193,0.713562091503268,0.15781117301740413
SR-ARE,17,5,S+C+M,867,214,0,0.42276371544977664,0.7500000000000001,0.14222315789954942
SR-ARE,43,1,C,848,233,0,0.3208995809627714,0.655939054726368,0.2272071221372435
SR-ARE,43,1,S,848,233,0,0.2294105472663498,0.619247512437811,0.1860359483514576
SR-ARE,43,1,C+M,848,233,0,0.2769975305565805,0.650497512437811,0.20262119009194196
SR-ARE,43,1,S+M,848,233,0,0.2759633423094549,0.6517412935323383,0.19064699516130226
SR-ARE,43,1,S+C,848,233,0,0.2844430632007361,0.6523631840796019,0.17647490831745646
SR-ARE,43,1,S+C+M,848,233,0,0.2851957814114445,0.6669776119402985,0.18685742424999538
SR-ARE,43,2,C,869,212,0,0.3745315922342059,0.6319620788894532,0.22311665862325739
SR-ARE,43,2,S,869,212,0,0.28384418199567285,0.7047570678855596,0.15132939374338947
SR-ARE,43,2,C+M,869,212,0,0.33285871393940325,0.5925173522938886,0.19298353125942294
SR-ARE,43,2,S+M,869,212,0,0.3229474779831575,0.6231589639410868,0.14631684984060722
SR-ARE,43,2,S+C,869,212,0,0.3388813106312859,0.7221940071102083,0.14728492526387926
SR-ARE,43,2,S+C+M,869,212,0,0.32263521376728105,0.6441510072794989,0.14663675814707144
SR-ARE,43,3,C,867,214,0,0.3264175922924831,0.6562091503267974,0.23804809833377594
SR-ARE,43,3,S,867,214,0,0.3038260666194007,0.6496732026143791,0.1657587452770135
SR-ARE,43,3,C+M,867,214,0,0.33407885074530347,0.6552287581699346,0.23150924064877967
SR-ARE,43,3,S+M,867,214,0,0.40777926507163875,0.7066993464052288,0.1761451560879702
SR-ARE,43,3,S+C,867,214,0,0.37842562545907876,0.6813725490196079,0.1631878798933731
SR-ARE,43,3,S+C+M,867,214,0,0.40125221145060336,0.7133986928104575,0.17239766148280777
SR-ARE,43,4,C,871,210,0,0.33023087510115456,0.5837429775280899,0.22447343937351372
SR-ARE,43,4,S,871,210,0,0.35030761567233515,0.6896067415730336,0.14858454074509
SR-ARE,43,4,C+M,871,210,0,0.3783422384783989,0.5779494382022472,0.22804398055172573
SR-ARE,43,4,S+M,871,210,0,0.4131874741189035,0.7022471910112359,0.13560720979305108
SR-ARE,43,4,S+C,871,210,0,0.43144566495939246,0.6989115168539326,0.1391127539304431
SR-ARE,43,4,S+C+M,871,210,0,0.41991475737214123,0.7145365168539326,0.13494899837164745
SR-ARE,43,5,C,869,212,0,0.26273231184590173,0.5628472222222223,0.24484329678931466
SR-ARE,43,5,S,869,212,0,0.3503327035804655,0.6907986111111112,0.1515747095754006
SR-ARE,43,5,C+M,869,212,0,0.3260095056244472,0.6930555555555555,0.19775256355734902
SR-ARE,43,5,S+M,869,212,0,0.37721825899750827,0.7295138888888888,0.14045646996628408
SR-ARE,43,5,S+C,869,212,0,0.28817576983395427,0.7038194444444444,0.15561328433881783
SR-ARE,43,5,S+C+M,869,212,0,0.3687727480831453,0.7350694444444444,0.13879157281578489
SR-ARE,101,1,C,849,232,0,0.33423594595624595,0.6599999999999999,0.2275828933486369
SR-ARE,101,1,S,849,232,0,0.2014694774733422,0.56296875,0.1959196242926138
SR-ARE,101,1,C+M,849,232,0,0.21466486954260633,0.526875,0.22137587852236576
SR-ARE,101,1,S+M,849,232,0,0.25238796520940227,0.57234375,0.18114310783922188
SR-ARE,101,1,S+C,849,232,0,0.2254275720124678,0.60578125,0.18477608479749524
SR-ARE,101,1,S+C+M,849,232,0,0.2608604688905716,0.5896875,0.17809244610173697
SR-ARE,101,2,C,870,211,0,0.25905985858153663,0.5549930167597765,0.2380105751354524
SR-ARE,101,2,S,870,211,0,0.3954851045465802,0.7407472067039107,0.15998146762838317
SR-ARE,101,2,C+M,870,211,0,0.3456551508647708,0.6599162011173184,0.1988559001230033
SR-ARE,101,2,S+M,870,211,0,0.4593661449740276,0.7861382681564246,0.1397555228777366
SR-ARE,101,2,S+C,870,211,0,0.38804694061178996,0.7465083798882681,0.1643830240703208
SR-ARE,101,2,S+C+M,870,211,0,0.4495702283434669,0.7861382681564245,0.1402496873745418
SR-ARE,101,3,C,869,212,0,0.27693097114937004,0.5766040291179956,0.2407491879200939
SR-ARE,101,3,S,869,212,0,0.3558613032268391,0.7524970374132385,0.12959594709163036
SR-ARE,101,3,C+M,869,212,0,0.31430192505550303,0.6455053326561706,0.20769996497912174
SR-ARE,101,3,S+M,869,212,0,0.3710353692459579,0.7377687489419332,0.13732657538721926
SR-ARE,101,3,S+C,869,212,0,0.37902465871631774,0.7641780937870324,0.13656466117825095
SR-ARE,101,3,S+C+M,869,212,0,0.37631676941637965,0.7526663280853225,0.13660936501594373
SR-ARE,101,4,C,869,212,0,0.37161585344102444,0.6710682241408499,0.2205486401654358
SR-ARE,101,4,S,869,212,0,0.2901651915520537,0.6622651091924835,0.14288873273141395
SR-ARE,101,4,C+M,869,212,0,0.339152317190047,0.6504147621466058,0.20426234949394692
SR-ARE,101,4,S+M,869,212,0,0.3418273157834479,0.6634501438970712,0.16001721275696199
SR-ARE,101,4,S+C,869,212,0,0.36176503751550776,0.6934145928559337,0.13103238553694999
SR-ARE,101,4,S+C+M,869,212,0,0.3672621686411355,0.6793634670729642,0.15319090845732689
SR-ARE,101,5,C,867,214,0,0.39987966446865386,0.6753725096266533,0.22897757507799915
SR-ARE,101,5,S,867,214,0,0.4569303320084104,0.7617612589988281,0.12797318220301576
SR-ARE,101,5,C+M,867,214,0,0.3918382326525906,0.6926167754897037,0.21624055898419742
SR-ARE,101,5,S+M,867,214,0,0.4456545779491999,0.7366482504604052,0.15060961402275305
SR-ARE,101,5,S+C,867,214,0,0.5034062258846308,0.7733132429265026,0.1276109590893266
SR-ARE,101,5,S+C+M,867,214,0,0.45477712430578765,0.7383224510296333,0.15171187096091476
SR-MMP,17,1,C,812,223,0,0.2732069145610624,0.581315445026178,0.23364185103640633
SR-MMP,17,1,S,812,223,0,0.5945417366774006,0.8601112565445026,0.16785898157376672
SR-MMP,17,1,C+M,812,223,0,0.20283785918304736,0.5021269633507854,0.20419181740671527
SR-MMP,17,1,S+M,812,223,0,0.38001503503704315,0.7642342931937174,0.1578847986643629
SR-MMP,17,1,S+C,812,223,0,0.5599559674788186,0.8609293193717278,0.16811317507813053
SR-MMP,17,1,S+C+M,812,223,0,0.37032898392430985,0.7596531413612566,0.16047791117789167
SR-MMP,17,2,C,831,204,0,0.29647217011793203,0.5489987595250753,0.22231456314222905
SR-MMP,17,2,S,831,204,0,0.6082657002602941,0.8647882332092859,0.11196368525492637
SR-MMP,17,2,C+M,831,204,0,0.29789399403074696,0.5614035087719298,0.2134248267323213
SR-MMP,17,2,S+M,831,204,0,0.5968180103292814,0.8114478114478115,0.11383412344142907
SR-MMP,17,2,S+C,831,204,0,0.6259038932462598,0.8619528619528619,0.10768915353454661
SR-MMP,17,2,S+C+M,831,204,0,0.5946757210311746,0.8110933900407584,0.11364684105519832
SR-MMP,17,3,C,831,204,0,0.39346602866384944,0.6429204323941167,0.22812693487317773
SR-MMP,17,3,S,831,204,0,0.6223357025806845,0.8201311359206095,0.10583772657141434
SR-MMP,17,3,C+M,831,204,0,0.47531754611676014,0.7329434697855752,0.19626547738229447
SR-MMP,17,3,S+M,831,204,0,0.6371307236571735,0.8252702463228778,0.11428658004848512
SR-MMP,17,3,S+C,831,204,0,0.63275213512332,0.825270246322878,0.10832587313095066
SR-MMP,17,3,S+C+M,831,204,0,0.6286843554362561,0.8206627680311891,0.11340795125660168
SR-MMP,17,4,C,833,202,0,0.37748884035175895,0.6115808823529413,0.23303359498863843
SR-MMP,17,4,S,833,202,0,0.6084909779470887,0.8727941176470588,0.0994747663521564
SR-MMP,17,4,C+M,833,202,0,0.386101934928069,0.6165441176470589,0.2134919969252585
SR-MMP,17,4,S+M,833,202,0,0.5476808454973601,0.8183823529411764,0.11796743976385919
SR-MMP,17,4,S+C,833,202,0,0.6278033327144765,0.8783088235294118,0.09398610359775675
SR-MMP,17,4,S+C+M,833,202,0,0.5475329751562651,0.8193014705882353,0.11772470290904728
SR-MMP,17,5,C,833,202,0,0.4764650977878234,0.7367647058823529,0.2176979312141038
SR-MMP,17,5,S,833,202,0,0.6025309514886323,0.872610294117647,0.09617107879179024
SR-MMP,17,5,C+M,833,202,0,0.39078919307792587,0.6375,0.20685542699207293
SR-MMP,17,5,S+M,833,202,0,0.5618696818302331,0.8264705882352941,0.1016213104953255
SR-MMP,17,5,S+C,833,202,0,0.6417472737228105,0.8876838235294119,0.08935931596814352
SR-MMP,17,5,S+C+M,833,202,0,0.5562168432508495,0.8231617647058824,0.1023303837325857
SR-MMP,43,1,C,812,223,0,0.26873107993024925,0.5654450261780104,0.23333498445839426
SR-MMP,43,1,S,812,223,0,0.6408680705029539,0.8637107329842931,0.1630125923676315
SR-MMP,43,1,C+M,812,223,0,0.20351153578997203,0.49738219895287955,0.2012327394429906
SR-MMP,43,1,S+M,812,223,0,0.3392028253972221,0.7408376963350785,0.1611727150945192
SR-MMP,43,1,S+C,812,223,0,0.5734836222465511,0.8599476439790577,0.16267812389919764
SR-MMP,43,1,S+C+M,812,223,0,0.33306486637953814,0.7375654450261779,0.16226051735598906
SR-MMP,43,2,C,831,204,0,0.42752775381887353,0.679425837320574,0.22440046569555686
SR-MMP,43,2,S,831,204,0,0.6163018264797356,0.8309409888357258,0.10140705991788168
SR-MMP,43,2,C+M,831,204,0,0.40186502877558494,0.6257309941520467,0.1991589839447701
SR-MMP,43,2,S+M,831,204,0,0.642528082631852,0.836434520645047,0.1002514846756118
SR-MMP,43,2,S+C,831,204,0,0.6518597979351299,0.8745348219032429,0.09552748549825804
SR-MMP,43,2,S+C+M,831,204,0,0.6431889269953446,0.83324472798157,0.10041028156536962
SR-MMP,43,3,C,831,204,0,0.3696973379598665,0.6464646464646466,0.22675207786178972
SR-MMP,43,3,S,831,204,0,0.6436630486124787,0.8419280524543683,0.10936931008284949
SR-MMP,43,3,C+M,831,204,0,0.3058504045139715,0.5904660641502746,0.2193787162952706
SR-MMP,43,3,S+M,831,204,0,0.5412804105759355,0.7386142122984228,0.13479071775630327
SR-MMP,43,3,S+C,831,204,0,0.645910034950595,0.8467127414495836,0.10760883552201778
SR-MMP,43,3,S+C+M,831,204,0,0.5438462001518831,0.7405635300372142,0.1343663429014923
SR-MMP,43,4,C,833,202,0,0.325606347798911,0.5759191176470588,0.22357602899392834
SR-MMP,43,4,S,833,202,0,0.6287457629127337,0.8803308823529411,0.10141699158979096
SR-MMP,43,4,C+M,833,202,0,0.38707573882050106,0.7016544117647059,0.1973891539685747
SR-MMP,43,4,S+M,833,202,0,0.6128340200137548,0.8667279411764706,0.11466730063211136
SR-MMP,43,4,S+C,833,202,0,0.6129761199282913,0.8733455882352941,0.09940940355329826
SR-MMP,43,4,S+C+M,833,202,0,0.6132978173311475,0.8691176470588236,0.11490697598947919
SR-MMP,43,5,C,833,202,0,0.4743812891602401,0.6863970588235293,0.2235397238705727
SR-MMP,43,5,S,833,202,0,0.5863583101874107,0.8492647058823529,0.09834601494486686
SR-MMP,43,5,C+M,833,202,0,0.3292439021077753,0.6178308823529411,0.19601065303733417
SR-MMP,43,5,S+M,833,202,0,0.5221652655784531,0.7847426470588235,0.11252380246758886
SR-MMP,43,5,S+C,833,202,0,0.6256000102500736,0.8444852941176471,0.09462644076887768
SR-MMP,43,5,S+C+M,833,202,0,0.5119890897343777,0.7834558823529412,0.11235126681460818
SR-MMP,101,1,C,812,223,0,0.2732069145610624,0.581315445026178,0.23364185103640633
SR-MMP,101,1,S,812,223,0,0.5945417366774006,0.8601112565445026,0.16785898157376672
SR-MMP,101,1,C+M,812,223,0,0.20283785918304736,0.5021269633507854,0.20419181740671527
SR-MMP,101,1,S+M,812,223,0,0.38001503503704315,0.7642342931937174,0.1578847986643629
SR-MMP,101,1,S+C,812,223,0,0.5599559674788186,0.8609293193717278,0.16811317507813053
SR-MMP,101,1,S+C+M,812,223,0,0.37032898392430985,0.7596531413612566,0.16047791117789167
SR-MMP,101,2,C,831,204,0,0.3674445260546539,0.6381357433989013,0.21880072441063475
SR-MMP,101,2,S,831,204,0,0.5612523011121748,0.8761297182349814,0.10326523932897173
SR-MMP,101,2,C+M,831,204,0,0.44575300329301776,0.6886407939039518,0.1980410285805146
SR-MMP,101,2,S+M,831,204,0,0.5770302506085927,0.8569909622541202,0.11270116243478219
SR-MMP,101,2,S+C,831,204,0,0.5968278124095298,0.8814460393407763,0.09834536784499402
SR-MMP,101,2,S+C+M,831,204,0,0.5693689408804269,0.8559276980329612,0.11348980753557328
SR-MMP,101,3,C,831,204,0,0.4436313762439474,0.7028176501860711,0.23243949272294817
SR-MMP,101,3,S,831,204,0,0.6247508511720342,0.8488392698919015,0.10419652382145912
SR-MMP,101,3,C+M,831,204,0,0.2825612460001726,0.5987949672160199,0.23114671047262714
SR-MMP,101,3,S+M,831,204,0,0.5678866911536485,0.7873471557682085,0.11195948845219436
SR-MMP,101,3,S+C,831,204,0,0.6475388565766282,0.8644338118022328,0.09975671986186561
SR-MMP,101,3,S+C+M,831,204,0,0.5622311825125673,0.7830940988835726,0.11151365695619633
SR-MMP,101,4,C,833,202,0,0.48003187911111,0.677389705882353,0.21390799088337387
SR-MMP,101,4,S,833,202,0,0.6254965067439144,0.8742647058823529,0.0928307158924109
SR-MMP,101,4,C+M,833,202,0,0.4405669790118154,0.6507352941176471,0.20553510954094728
SR-MMP,101,4,S+M,833,202,0,0.6999994791080648,0.8720588235294117,0.10055758148877221
SR-MMP,101,4,S+C,833,202,0,0.6715381095371057,0.8819852941176471,0.08597805917395539
SR-MMP,101,4,S+C+M,833,202,0,0.6954841193110075,0.8709558823529412,0.09985583639138453
SR-MMP,101,5,C,833,202,0,0.22626439486675626,0.5215073529411766,0.23473955059756274
SR-MMP,101,5,S,833,202,0,0.6556678024140338,0.8448529411764705,0.09710290189837457
SR-MMP,101,5,C+M,833,202,0,0.3922529594425629,0.6016544117647058,0.19737022781046437
SR-MMP,101,5,S+M,833,202,0,0.555502367324292,0.7652573529411766,0.11521283581706432
SR-MMP,101,5,S+C,833,202,0,0.630807797811272,0.8301470588235293,0.09959891103527088
SR-MMP,101,5,S+C+M,833,202,0,0.5555867343044844,0.7654411764705882,0.11519754609186653
SR-p53,17,1,C,970,252,0,0.5985306065490188,0.7542735042735043,0.17777963042043862
SR-p53,17,1,S,970,252,0,0.2538750024196704,0.7497625830959164,0.0794655310717528
SR-p53,17,1,C+M,970,252,0,0.482114644705627,0.7264957264957265,0.13830733003191442
SR-p53,17,1,S+M,970,252,0,0.4539912460313545,0.773741690408357,0.07046178029358253
SR-p53,17,1,S+C,970,252,0,0.5119181740384533,0.8865147198480532,0.057863976805442814
SR-p53,17,1,S+C+M,970,252,0,0.47264861371564065,0.7898860398860399,0.0697003242062822
SR-p53,17,2,C,978,244,0,0.43558701229386876,0.7822222222222222,0.19109361424374216
SR-p53,17,2,S,978,244,0,0.2501992497172086,0.639298245614035,0.07211136500291176
SR-p53,17,2,C+M,978,244,0,0.3624485652926376,0.752046783625731,0.14356766901500176
SR-p53,17,2,S+M,978,244,0,0.42249739210143666,0.6900584795321637,0.07058152126544037
SR-p53,17,2,S+C,978,244,0,0.4294499774043557,0.7097076023391813,0.06219799984365647
SR-p53,17,2,S+C+M,978,244,0,0.4108583231010704,0.6954385964912281,0.0703331799007716
SR-p53,17,3,C,980,242,0,0.30328655295333984,0.6671626984126985,0.19021952141014037
SR-p53,17,3,S,980,242,0,0.23504770327048985,0.6954365079365079,0.09618921078666673
SR-p53,17,3,C+M,980,242,0,0.24177046814359016,0.6302083333333334,0.15150205028053962
SR-p53,17,3,S+M,980,242,0,0.26309990126665167,0.6349206349206349,0.09681181486547936
SR-p53,17,3,S+C,980,242,0,0.2789068091749395,0.6917162698412699,0.09542033177486814
SR-p53,17,3,S+C+M,980,242,0,0.26571679216251914,0.6202876984126984,0.09770899832136674
SR-p53,17,4,C,980,242,0,0.47778351098683597,0.7341269841269841,0.1511104086282097
SR-p53,17,4,S,980,242,0,0.439231505511779,0.820188492063492,0.07195809526910456
SR-p53,17,4,C+M,980,242,0,0.4599746871037299,0.7321428571428571,0.12353083150314209
SR-p53,17,4,S+M,980,242,0,0.5260175285483073,0.7740575396825397,0.05880710765147266
SR-p53,17,4,S+C,980,242,0,0.5694988295238139,0.8559027777777778,0.054603748333889084
SR-p53,17,4,S+C+M,980,242,0,0.5306117382658917,0.7800099206349206,0.057097387782194704
SR-p53,17,5,C,980,242,0,0.5383468378690147,0.8390370545197073,0.1672718674987672
SR-p53,17,5,S,980,242,0,0.5595473473295939,0.8763275902761388,0.06065067314240176
SR-p53,17,5,C+M,980,242,0,0.2888186535641549,0.7212650460231296,0.15233759643534892
SR-p53,17,5,S+M,980,242,0,0.4976946172520921,0.8685390606561245,0.058493110686312445
SR-p53,17,5,S+C,980,242,0,0.6817691182643181,0.9133821099834789,0.04443181933338282
SR-p53,17,5,S+C+M,980,242,0,0.5116764361925313,0.8765636063252301,0.058478878645152395
SR-p53,43,1,C,965,257,0,0.5680429044207818,0.7605764760576477,0.17532213024274695
SR-p53,43,1,S,965,257,0,0.2933220036096709,0.7250116225011622,0.079526030332139
SR-p53,43,1,C+M,965,257,0,0.4825351863048694,0.6827057182705718,0.1384668332225251
SR-p53,43,1,S+M,965,257,0,0.5311929830351987,0.7880055788005578,0.06828094816313507
SR-p53,43,1,S+C,965,257,0,0.44939683708721057,0.8503021850302186,0.06224128545871329
SR-p53,43,1,S+C+M,965,257,0,0.5325268979757095,0.7838214783821478,0.06591326208790853
SR-p53,43,2,C,980,242,0,0.3991314341524166,0.6693948412698413,0.18852047532940028
SR-p53,43,2,S,980,242,0,0.23247835126366503,0.6991567460317459,0.07451062154902759
SR-p53,43,2,C+M,980,242,0,0.4248340512790185,0.7145337301587301,0.12684845087604663
SR-p53,43,2,S+M,980,242,0,0.5119096780955376,0.7631448412698414,0.05600932452417491
SR-p53,43,2,S+C,980,242,0,0.46728403165030225,0.7351190476190477,0.06352116181711254
SR-p53,43,2,S+C+M,980,242,0,0.5109026876412679,0.7596726190476191,0.05840650503722433
SR-p53,43,3,C,981,241,0,0.4342540905490209,0.7792725460886895,0.1749633742919162
SR-p53,43,3,S,981,241,0,0.45647659329242696,0.9040857000498256,0.06862970205358013
SR-p53,43,3,C+M,981,241,0,0.28573262340479577,0.6347782760338814,0.14401336480875937
SR-p53,43,3,S+M,981,241,0,0.5418554939796459,0.8535127055306427,0.06582535727445436
SR-p53,43,3,S+C,981,241,0,0.543154626328646,0.9382162431489786,0.06220806082052487
SR-p53,43,3,S+C+M,981,241,0,0.5252600463166949,0.8517688091679123,0.0686785785370029
SR-p53,43,4,C,982,240,0,0.5079632877549128,0.7139795189330793,0.16933890320994305
SR-p53,43,4,S,982,240,0,0.44902367244304764,0.7963800904977376,0.0692686741223772
SR-p53,43,4,C+M,982,240,0,0.37896374418132817,0.6792093355560846,0.17955190781156904
SR-p53,43,4,S+M,982,240,0,0.5354667960624132,0.7708978328173375,0.06395995845359101
SR-p53,43,4,S+C,982,240,0,0.565472850245112,0.8185282210050012,0.054058089037495684
SR-p53,43,4,S+C+M,982,240,0,0.5462872325688822,0.7780423910454869,0.06334938206606001
SR-p53,43,5,C,980,242,0,0.4457452131499915,0.7941940051923531,0.16926280101278032
SR-p53,43,5,S,980,242,0,0.499947751382115,0.8671229643615764,0.06597194328965426
SR-p53,43,5,C+M,980,242,0,0.4038135392121974,0.7890016521123436,0.13774696911067158
SR-p53,43,5,S+M,980,242,0,0.5629910412451374,0.8652348359688459,0.05558301877099322
SR-p53,43,5,S+C,980,242,0,0.6166530983067215,0.8867122964361577,0.04724763196095235
SR-p53,43,5,S+C+M,980,242,0,0.5780351967555069,0.8692471088033986,0.054673912145713426
SR-p53,101,1,C,967,255,0,0.4907244342441411,0.7475386779184247,0.17429411931744257
SR-p53,101,1,S,967,255,0,0.39554379376760784,0.7332395686826066,0.07268405192745002
SR-p53,101,1,C+M,967,255,0,0.37296109762817586,0.6160337552742616,0.14889341424989153
SR-p53,101,1,S+M,967,255,0,0.47572227157967567,0.6954992967651196,0.06790331631290149
SR-p53,101,1,S+C,967,255,0,0.5221873303875202,0.7812939521800282,0.060318646467134925
SR-p53,101,1,S+C+M,967,255,0,0.48111292110353276,0.7032348804500703,0.06655405332121508
SR-p53,101,2,C,979,243,0,0.2766567940798311,0.6781015037593986,0.17324046862372056
SR-p53,101,2,S,979,243,0,0.3363132178124162,0.8042763157894737,0.08075714945761835
SR-p53,101,2,C+M,979,243,0,0.1854896278787038,0.5702537593984961,0.14843992688143878
SR-p53,101,2,S+M,979,243,0,0.35079948589823334,0.7514097744360902,0.08051372768807655
SR-p53,101,2,S+C,979,243,0,0.4000614653245927,0.830592105263158,0.07946801424907841
SR-p53,101,2,S+C+M,979,243,0,0.32757762614826247,0.7589285714285714,0.08524345658283031
SR-p53,101,3,C,981,241,0,0.5350465735026623,0.8542600896860987,0.17825806265180735
SR-p53,101,3,S,981,241,0,0.20770948267591982,0.7326856003986049,0.08924581189987442
SR-p53,101,3,C+M,981,241,0,0.5149270235271869,0.7668161434977578,0.16164695437380072
SR-p53,101,3,S+M,981,241,0,0.5296496034420015,0.8263577478824116,0.08267971252077422
SR-p53,101,3,S+C,981,241,0,0.4902390358350724,0.8355754857997011,0.05746639465721571
SR-p53,101,3,S+C+M,981,241,0,0.53400397741135,0.8290981564524165,0.07869530181916176
SR-p53,101,4,C,981,241,0,0.5322066049211408,0.7760338814150474,0.1664403244814593
SR-p53,101,4,S,981,241,0,0.3873458280370435,0.7217239661185849,0.0801659305284139
SR-p53,101,4,C+M,981,241,0,0.3302462178520947,0.7010463378176383,0.135707698738467
SR-p53,101,4,S+M,981,241,0,0.4371785194493241,0.7451420029895366,0.05961552982456162
SR-p53,101,4,S+C,981,241,0,0.4118687404465676,0.7506228201295466,0.07571563918237045
SR-p53,101,4,S+C+M,981,241,0,0.43061948518354604,0.7481315396113601,0.06097569673431552
SR-p53,101,5,C,980,242,0,0.5261695401460477,0.7399103139013454,0.18374138744499172
SR-p53,101,5,S,980,242,0,0.3983850050747761,0.8439933915506254,0.06530156337944726
SR-p53,101,5,C+M,980,242,0,0.4066381549160621,0.6757139485485013,0.14186180384586494
SR-p53,101,5,S+M,980,242,0,0.3982868586352546,0.7587915978286524,0.06499422548277921
SR-p53,101,5,S+C,980,242,0,0.5419589195756506,0.8687750767052159,0.05441636154786875
SR-p53,101,5,S+C+M,980,242,0,0.41856519082732707,0.7486429077177248,0.061233481228623016
NR-ER-LBD,17,1,C,997,248,0,0.09253332383628941,0.6760504201680673,0.24007598091392257
NR-ER-LBD,17,1,S,997,248,0,0.2206894495140092,0.6857142857142857,0.10867037598486949
NR-ER-LBD,17,1,C+M,997,248,0,0.05600374007652483,0.5789915966386554,0.17650735609007057
NR-ER-LBD,17,1,S+M,997,248,0,0.17592906755840731,0.6836134453781513,0.09535707782664576
NR-ER-LBD,17,1,S+C,997,248,0,0.2144687971118455,0.688655462184874,0.10659412424886944
NR-ER-LBD,17,1,S+C+M,997,248,0,0.17538566137237444,0.680672268907563,0.09540832486244742
NR-ER-LBD,17,2,C,995,250,0,0.11909015630919212,0.4808333333333333,0.23378467149094267
NR-ER-LBD,17,2,S,995,250,0,0.6324883701069046,0.8983333333333334,0.023996501682937817
NR-ER-LBD,17,2,C+M,995,250,0,0.05237460896333395,0.5175,0.1462305279480808
NR-ER-LBD,17,2,S+M,995,250,0,0.30877401384969194,0.8395833333333335,0.04240490657504926
NR-ER-LBD,17,2,S+C,995,250,0,0.693177652981892,0.8825000000000001,0.021497198927640973
NR-ER-LBD,17,2,S+C+M,995,250,0,0.29470408807472864,0.8170833333333334,0.0444476314589281
NR-ER-LBD,17,3,C,996,249,0,0.2990108560898965,0.749074074074074,0.24809788040810027
NR-ER-LBD,17,3,S,996,249,0,0.1913196502601708,0.6486111111111111,0.03475855449483829
NR-ER-LBD,17,3,C+M,996,249,0,0.07282613960805036,0.4921296296296297,0.17188497443714065
NR-ER-LBD,17,3,S+M,996,249,0,0.2035020226355041,0.5722222222222222,0.037433458593687186
NR-ER-LBD,17,3,S+C,996,249,0,0.19334870002596477,0.6949074074074074,0.035372858180058205
NR-ER-LBD,17,3,S+C+M,996,249,0,0.20381101305388036,0.5476851851851852,0.03793771467608774
NR-ER-LBD,17,4,C,996,249,0,0.05096964203379508,0.5602510460251047,0.23140580947620995
NR-ER-LBD,17,4,S,996,249,0,0.2777952646283811,0.7707112970711297,0.034325005768297355
NR-ER-LBD,17,4,C+M,996,249,0,0.04155631424273355,0.49079497907949793,0.15960223525382847
NR-ER-LBD,17,4,S+M,996,249,0,0.09117416469743286,0.6384937238493724,0.05143789543714091
NR-ER-LBD,17,4,S+C,996,249,0,0.3110481999210409,0.7514644351464435,0.03433465952015351
NR-ER-LBD,17,4,S+C+M,996,249,0,0.08544853143242448,0.6309623430962343,0.051005941652464595
NR-ER-LBD,17,5,C,996,249,0,0.040241580401060975,0.3537037037037037,0.25044702103580985
NR-ER-LBD,17,5,S,996,249,0,0.336301934419978,0.7425925925925925,0.032631656828742896
NR-ER-LBD,17,5,C+M,996,249,0,0.04333282267788297,0.49768518518518523,0.16000944570617154
NR-ER-LBD,17,5,S+M,996,249,0,0.09266913351035821,0.6916666666666667,0.05381812196194274
NR-ER-LBD,17,5,S+C,996,249,0,0.3362515801634502,0.7194444444444446,0.03733494594727795
NR-ER-LBD,17,5,S+C+M,996,249,0,0.09219583168506329,0.6935185185185185,0.05377698084039221
NR-ER-LBD,43,1,C,997,248,0,0.09050388022593728,0.6747899159663866,0.24048191699937654
NR-ER-LBD,43,1,S,997,248,0,0.21707145881294487,0.6844537815126049,0.10857000266027027
NR-ER-LBD,43,1,C+M,997,248,0,0.055655718061395326,0.5634453781512605,0.1790289234307824
NR-ER-LBD,43,1,S+M,997,248,0,0.15118300630039774,0.6810924369747898,0.09551592623440291
NR-ER-LBD,43,1,S+C,997,248,0,0.21437515454747694,0.6869747899159664,0.10648268923401051
NR-ER-LBD,43,1,S+C+M,997,248,0,0.14644229709370132,0.6781512605042016,0.09555919959217574
NR-ER-LBD,43,2,C,995,250,0,0.26860154062872005,0.6504166666666668,0.24665951218319918
NR-ER-LBD,43,2,S,995,250,0,0.1048496144632363,0.5708333333333333,0.041305152021327604
NR-ER-LBD,43,2,C+M,995,250,0,0.045687559794406744,0.4095833333333333,0.1537969059715037
NR-ER-LBD,43,2,S+M,995,250,0,0.07300977704928706,0.5741666666666667,0.0520270397880807
NR-ER-LBD,43,2,S+C,995,250,0,0.12186450914564854,0.5866666666666666,0.04039986471363205
NR-ER-LBD,43,2,S+C+M,995,250,0,0.07188541580791323,0.5758333333333334,0.05242092844410754
NR-ER-LBD,43,3,C,995,250,0,0.042957731681945076,0.35375,0.23310442347107851
NR-ER-LBD,43,3,S,995,250,0,0.599520536098206,0.8683333333333334,0.026910068812241093
NR-ER-LBD,43,3,C+M,995,250,0,0.08915865053916691,0.7066666666666668,0.1496499005676053
NR-ER-LBD,43,3,S+M,995,250,0,0.4282734190548836,0.8958333333333334,0.0445768244383189
NR-ER-LBD,43,3,S+C,995,250,0,0.5789074792596465,0.8308333333333334,0.029541984299870507
NR-ER-LBD,43,3,S+C+M,995,250,0,0.4063464109304364,0.8879166666666667,0.04477088561783988
NR-ER-LBD,43,4,C,996,249,0,0.12080552459287738,0.7546296296296297,0.24478133310613492
NR-ER-LBD,43,4,S,996,249,0,0.3358782091373377,0.8666666666666667,0.03020232456117493
NR-ER-LBD,43,4,C+M,996,249,0,0.04526685480502779,0.5453703703703704,0.17937148972886433
NR-ER-LBD,43,4,S+M,996,249,0,0.11575488425269159,0.687962962962963,0.045647036377482124
NR-ER-LBD,43,4,S+C,996,249,0,0.37662272441933453,0.8828703703703704,0.02959722291777183
NR-ER-LBD,43,4,S+C+M,996,249,0,0.11570891381818198,0.6851851851851852,0.045521750255067876
NR-ER-LBD,43,5,C,997,248,0,0.03981318362257082,0.34681543468154347,0.23973170956457707
NR-ER-LBD,43,5,S,997,248,0,0.5014815958703538,0.8414690841469085,0.025916441098622026
NR-ER-LBD,43,5,C+M,997,248,0,0.03819221144863211,0.4955834495583449,0.14732667981092573
NR-ER-LBD,43,5,S+M,997,248,0,0.1692167016392605,0.7842863784286378,0.039626577370046843
NR-ER-LBD,43,5,S+C,997,248,0,0.5013104578683825,0.8251975825197582,0.025526662066708377
NR-ER-LBD,43,5,S+C+M,997,248,0,0.16570149236950996,0.7819618781961878,0.03995061666459558
NR-ER-LBD,101,1,C,997,248,0,0.0897912346983499,0.6760504201680673,0.24050219618725227
NR-ER-LBD,101,1,S,997,248,0,0.21716507722964445,0.6861344537815126,0.10856362713599604
NR-ER-LBD,101,1,C+M,997,248,0,0.06394639336684785,0.5920168067226891,0.17142488929279145
NR-ER-LBD,101,1,S+M,997,248,0,0.19573649596037954,0.6932773109243697,0.09204048512683578
NR-ER-LBD,101,1,S+C,997,248,0,0.21449281680799634,0.6890756302521008,0.1064888066479865
NR-ER-LBD,101,1,S+C+M,997,248,0,0.205562972001413,0.6873949579831933,0.09197061713386336
NR-ER-LBD,101,2,C,995,250,0,0.17899563953203612,0.5929166666666668,0.25148158434828516
NR-ER-LBD,101,2,S,995,250,0,0.28704809895986366,0.7225,0.03327881238259475
NR-ER-LBD,101,2,C+M,995,250,0,0.07931552653997936,0.5037499999999999,0.15161762594479836
NR-ER-LBD,101,2,S+M,995,250,0,0.13107863453736743,0.6816666666666666,0.05776218740665916
NR-ER-LBD,101,2,S+C,995,250,0,0.35678618061246353,0.7170833333333334,0.03197690628776381
NR-ER-LBD,101,2,S+C+M,995,250,0,0.12857032705293933,0.6854166666666667,0.05894173542097536
NR-ER-LBD,101,3,C,996,249,0,0.18918201717235902,0.6231481481481481,0.23967136855696325
NR-ER-LBD,101,3,S,996,249,0,0.3379816773957631,0.6842592592592593,0.03045319078026323
NR-ER-LBD,101,3,C+M,996,249,0,0.049043198053436224,0.5324074074074073,0.16512616489443066
NR-ER-LBD,101,3,S+M,996,249,0,0.18945548198894838,0.5726851851851853,0.0390410984907786
NR-ER-LBD,101,3,S+C,996,249,0,0.2675867869437557,0.7203703703703703,0.03249964944232346
NR-ER-LBD,101,3,S+C+M,996,249,0,0.18646493785945426,0.5675925925925925,0.039954081425952664
NR-ER-LBD,101,4,C,995,250,0,0.06358392291071481,0.47416666666666674,0.23289437827479026
NR-ER-LBD,101,4,S,995,250,0,0.42854550123357354,0.8329166666666667,0.032119191222899454
NR-ER-LBD,101,4,C+M,995,250,0,0.10158058393465401,0.6191666666666666,0.16385918547207964
NR-ER-LBD,101,4,S+M,995,250,0,0.2945754678683068,0.8424999999999999,0.043957804101960145
NR-ER-LBD,101,4,S+C,995,250,0,0.42093853062289216,0.825,0.03219060622648097
NR-ER-LBD,101,4,S+C+M,995,250,0,0.285829436122275,0.8420833333333333,0.044003814686578095
NR-ER-LBD,101,5,C,997,248,0,0.04639016115718224,0.4435146443514644,0.24330059785004782
NR-ER-LBD,101,5,S,997,248,0,0.51010157307824,0.8447233844723384,0.032013314435294565
NR-ER-LBD,101,5,C+M,997,248,0,0.03871452841503095,0.48303114830311483,0.17298436049693447
NR-ER-LBD,101,5,S+M,997,248,0,0.28956135039528486,0.7721989772198977,0.045942468328079515
NR-ER-LBD,101,5,S+C,997,248,0,0.5265437518290897,0.8512319851231985,0.03453358680512085
NR-ER-LBD,101,5,S+C+M,997,248,0,0.27924379592393106,0.7749883774988378,0.04725049050356342
