cohort,analysis,pathway,n_compounds,median_pairwise_spearman,minimum_pairwise_spearman,bootstrap_ci_low,bootstrap_ci_high,icc_c1,three_way_sign_concordance
all_462,single_well,Adrenergic signaling in cardiomyocytes,462,0.02450126439669315,-0.011966514859558902,-0.04568518947787053,0.1261799091247963,0.10308859885550294,0.2727272727272727
all_462,single_well,Apoptosis,462,0.02909460118644772,0.0026360028843127373,-0.03752119848861756,0.12170961724956209,0.09145573514718622,0.2813852813852814
all_462,single_well,Autophagy,462,0.04222928582593692,-0.013230881130039217,-0.03649785515944313,0.1332793309380711,0.11257805617301919,0.2857142857142857
all_462,single_well,Cardiac muscle contraction,462,0.058122211647977304,-0.018548277526084248,-0.026275379940274353,0.15003625285100777,0.11845211195392016,0.2943722943722944
all_462,single_well,Ferroptosis,462,0.03585123337469397,-0.03246166089173355,-0.04258717370408585,0.11986906708613959,0.08949320789468622,0.2683982683982684
all_462,single_well,HIF-1 signaling pathway,462,0.04022224127357582,-0.030450357165217806,-0.04441647327833379,0.12951478637710173,0.10567242324951699,0.2987012987012987
all_462,single_well,Oxidative phosphorylation,462,0.07626020901227863,-0.01925834270300943,-0.010210559759453293,0.1598851758482871,0.12172678624683252,0.2813852813852814
all_462,single_well,TNF signaling pathway,462,0.030998573724266298,0.011170657746090062,-0.028595396022719828,0.1176952825947053,0.06393569042704376,0.2662337662337662
all_462,single_well,p53 signaling pathway,462,0.06691193019627308,-0.0020813367186872053,-0.017606001920936167,0.15445967026031304,0.10599551910266251,0.2748917748917749
all_462,leave_one_replicate_out,Adrenergic signaling in cardiomyocytes,462,0.5248872976884671,0.5059786331835543,0.4602173763040743,0.5880027638489194,0.5922272998139371,0.5194805194805194
all_462,leave_one_replicate_out,Apoptosis,462,0.5169093777340474,0.5075494166117892,0.4524792467099663,0.575866434598799,0.5822510307416673,0.5454545454545454
all_462,leave_one_replicate_out,Autophagy,462,0.5225264982998897,0.4998006402268898,0.4587572964858013,0.5765964556689751,0.5999719921909841,0.512987012987013
all_462,leave_one_replicate_out,Cardiac muscle contraction,462,0.5329389622011071,0.5056248783473383,0.4621791030144633,0.592590848036928,0.6054024541339089,0.5281385281385281
all_462,leave_one_replicate_out,Ferroptosis,462,0.5181767862717811,0.4996550981614909,0.4553772406995038,0.5773867185541497,0.5831591288386799,0.5151515151515151
all_462,leave_one_replicate_out,HIF-1 signaling pathway,462,0.5211780437625276,0.48562562187745484,0.4507086478440506,0.5782730492143751,0.5941978994738365,0.525974025974026
all_462,leave_one_replicate_out,Oxidative phosphorylation,462,0.5239036718401232,0.4919136232179994,0.4537979518014758,0.5831250642063422,0.6075199075125312,0.5173160173160173
all_462,leave_one_replicate_out,TNF signaling pathway,462,0.512564411642854,0.49816365706322274,0.4484384096647517,0.56690740652924,0.5592464895131688,0.5173160173160173
all_462,leave_one_replicate_out,p53 signaling pathway,462,0.5230254301294345,0.5106601957236552,0.46036581485312406,0.5810238977244349,0.5935768342036185,0.5173160173160173
main_119,single_well,Adrenergic signaling in cardiomyocytes,119,0.18144851160803305,0.08904714428144139,0.010859595128395856,0.30677218537400913,0.267473531798159,0.3277310924369748
main_119,single_well,Apoptosis,119,0.16308218202535255,0.15927218344965105,0.02597960143169181,0.32957426818999325,0.26439893879291376,0.33613445378151263
main_119,single_well,Autophagy,119,0.17351516877937617,0.11055405212932631,-0.0018726578223665945,0.3375571601456453,0.30762919884543766,0.3277310924369748
main_119,single_well,Cardiac muscle contraction,119,0.20821820253525142,0.11791055405212936,0.044560869481768045,0.3364277937763853,0.3236127107408725,0.2857142857142857
main_119,single_well,Ferroptosis,119,0.12185586098846321,0.10913687508901868,-0.01680860040750885,0.312063850336243,0.2711521430820411,0.31932773109243695
main_119,single_well,HIF-1 signaling pathway,119,0.15280586810995583,0.1202179176755448,0.0028233285953651634,0.33358747706230607,0.308289284565329,0.3445378151260504
main_119,single_well,Oxidative phosphorylation,119,0.2129967241133742,0.105804016521863,0.04561772140285132,0.3573562614496731,0.30733109228547184,0.31092436974789917
main_119,single_well,TNF signaling pathway,119,0.12374305654465176,0.11486255519156816,-0.015470852826883062,0.2704098611383753,0.18844703536056762,0.33613445378151263
main_119,single_well,p53 signaling pathway,119,0.2624270047001852,0.1359706594502208,0.05919247223602667,0.3690101452927256,0.2838320530475655,0.35294117647058826
main_119,leave_one_replicate_out,Adrenergic signaling in cardiomyocytes,119,0.5806437829369037,0.5678535821108104,0.44146470712344915,0.6793285274441798,0.7137506868844752,0.5630252100840336
main_119,leave_one_replicate_out,Apoptosis,119,0.6248824953710298,0.6230166642928359,0.5109419652695972,0.7224094752665047,0.7100600943486393,0.5882352941176471
main_119,leave_one_replicate_out,Autophagy,119,0.6176043298675403,0.6170844609030054,0.5047858375320816,0.7147665429982357,0.7359835415652929,0.5462184873949579
main_119,leave_one_replicate_out,Cardiac muscle contraction,119,0.5935336846603048,0.5839267910554053,0.4674873082788764,0.7125377404434452,0.7468692096230707,0.5210084033613446
main_119,leave_one_replicate_out,Ferroptosis,119,0.5856430707876371,0.5543583535108959,0.4429896369194741,0.6902838420355095,0.7132449075838755,0.5630252100840336
main_119,leave_one_replicate_out,HIF-1 signaling pathway,119,0.6067155675829654,0.6015239994302808,0.4879548467450716,0.7078969998379839,0.7357386396674981,0.5882352941176471
main_119,leave_one_replicate_out,Oxidative phosphorylation,119,0.6213929639652471,0.5813772966813845,0.4772408814727075,0.7129534721522827,0.7357658189161665,0.5714285714285714
main_119,leave_one_replicate_out,TNF signaling pathway,119,0.5647913402649196,0.5306152969662442,0.4308435250968013,0.6676377456340628,0.6598403943119199,0.5126050420168067
main_119,leave_one_replicate_out,p53 signaling pathway,119,0.6481199259364764,0.6060603902577981,0.50927222170115,0.734927382123039,0.7179249655805855,0.5714285714285714
