cohort,pathway,omission,n_compounds,spearman_with_full,sign_concordance_with_full,median_absolute_change
all_462,Adrenergic signaling in cardiomyocytes,without_low_0.2,462,0.750792677944189,0.7987012987012987,0.2622909660505738
all_462,Adrenergic signaling in cardiomyocytes,without_mid_1,462,0.9533688576852325,0.8852813852813853,0.08837796531783884
all_462,Adrenergic signaling in cardiomyocytes,without_high_10,462,0.1667896858135001,0.551948051948052,1.258644615902779
all_462,Apoptosis,without_low_0.2,462,0.7454517952449483,0.7878787878787878,0.3005016660098727
all_462,Apoptosis,without_mid_1,462,0.9588513883477877,0.9112554112554112,0.10125291852961724
all_462,Apoptosis,without_high_10,462,0.18563567961299438,0.5627705627705628,1.4420046930637094
all_462,Autophagy,without_low_0.2,462,0.7605965667040521,0.7575757575757576,0.3636338043080246
all_462,Autophagy,without_mid_1,462,0.9540324370185269,0.9285714285714286,0.12252505768472342
all_462,Autophagy,without_high_10,462,0.1451833820897224,0.5844155844155844,1.7449542271474607
all_462,Cardiac muscle contraction,without_low_0.2,462,0.770589197724311,0.79004329004329,0.33635316251895675
all_462,Cardiac muscle contraction,without_mid_1,462,0.9550225124734479,0.8939393939393939,0.11333294691481706
all_462,Cardiac muscle contraction,without_high_10,462,0.13040709004034107,0.5411255411255411,1.6140437599544655
all_462,Ferroptosis,without_low_0.2,462,0.7610989058729204,0.8008658008658008,0.3447947685941225
all_462,Ferroptosis,without_mid_1,462,0.9559455363581054,0.8939393939393939,0.1161773146800188
all_462,Ferroptosis,without_high_10,462,0.1582954322608469,0.5324675324675324,1.6545521396217664
all_462,HIF-1 signaling pathway,without_low_0.2,462,0.7419363945883906,0.7662337662337663,0.39995816974506815
all_462,HIF-1 signaling pathway,without_mid_1,462,0.9511997211336144,0.8874458874458875,0.13476441749618018
all_462,HIF-1 signaling pathway,without_high_10,462,0.14417955558681655,0.538961038961039,1.9192624302542525
all_462,Oxidative phosphorylation,without_low_0.2,462,0.750753250160586,0.7597402597402597,0.4413630042566177
all_462,Oxidative phosphorylation,without_mid_1,462,0.9517706938517178,0.8831168831168831,0.1487156224635179
all_462,Oxidative phosphorylation,without_high_10,462,0.15013156893190435,0.5497835497835498,2.117950066412712
all_462,TNF signaling pathway,without_low_0.2,462,0.7592924075778983,0.7575757575757576,0.24227640079932466
all_462,TNF signaling pathway,without_mid_1,462,0.9556814675605171,0.9047619047619048,0.08163413200836281
all_462,TNF signaling pathway,without_high_10,462,0.1497660100987453,0.5627705627705628,1.1626015642779577
all_462,p53 signaling pathway,without_low_0.2,462,0.7449144091573217,0.7813852813852814,0.3780082129951154
all_462,p53 signaling pathway,without_mid_1,462,0.9553623945709889,0.8982683982683982,0.1273684612206546
all_462,p53 signaling pathway,without_high_10,462,0.19141805613603705,0.5584415584415584,1.8139320969277892
main_119,Adrenergic signaling in cardiomyocytes,without_low_0.2,119,0.7320111095285573,0.7983193277310925,0.26262318129237894
main_119,Adrenergic signaling in cardiomyocytes,without_mid_1,119,0.940578265204387,0.8487394957983193,0.08848990400776174
main_119,Adrenergic signaling in cardiomyocytes,without_high_10,119,0.1464463751602336,0.5294117647058824,1.2602388031968172
main_119,Apoptosis,without_low_0.2,119,0.739851872952571,0.7983193277310925,0.2617982545301826
main_119,Apoptosis,without_mid_1,119,0.960831790343256,0.9327731092436975,0.08821194800387444
main_119,Apoptosis,without_high_10,119,0.229482979632531,0.5546218487394958,1.2562802618738487
main_119,Autophagy,without_low_0.2,119,0.7596425010682241,0.7815126050420168,0.31764933517984506
main_119,Autophagy,without_mid_1,119,0.9591511180743485,0.957983193277311,0.10703076186903815
main_119,Autophagy,without_high_10,119,0.19942315909414618,0.5798319327731093,1.5242904911643815
main_119,Cardiac muscle contraction,without_low_0.2,119,0.7977923372738928,0.8151260504201681,0.30654250058945454
main_119,Cardiac muscle contraction,without_mid_1,119,0.9443882637800883,0.907563025210084,0.10328835526998177
main_119,Cardiac muscle contraction,without_high_10,119,0.10173052271756161,0.5210084033613446,1.4709925916316067
main_119,Ferroptosis,without_low_0.2,119,0.8059464463751603,0.8235294117647058,0.3241644062985536
main_119,Ferroptosis,without_mid_1,119,0.9574490813274463,0.8991596638655462,0.10922599084715479
main_119,Ferroptosis,without_high_10,119,0.10769833357071645,0.5546218487394958,1.5555540886464416
main_119,HIF-1 signaling pathway,without_low_0.2,119,0.7693277310924371,0.7983193277310925,0.36494300522017653
main_119,HIF-1 signaling pathway,without_mid_1,119,0.9528485970659452,0.8907563025210085,0.12296618806199294
main_119,HIF-1 signaling pathway,without_high_10,119,0.1682808716707022,0.5378151260504201,1.751236634445078
main_119,Oxidative phosphorylation,without_low_0.2,119,0.7572211935621708,0.7563025210084033,0.3866135225843941
main_119,Oxidative phosphorylation,without_mid_1,119,0.9430850306224186,0.8823529411764706,0.13026798827597785
main_119,Oxidative phosphorylation,without_high_10,119,0.14954422446944882,0.5210084033613446,1.8552260337560735
main_119,TNF signaling pathway,without_low_0.2,119,0.7652186298248114,0.773109243697479,0.2415825967311182
main_119,TNF signaling pathway,without_mid_1,119,0.9531120922945451,0.907563025210084,0.08140035730845373
main_119,TNF signaling pathway,without_high_10,119,0.2149693775815411,0.6050420168067226,1.1592722359061558
main_119,p53 signaling pathway,without_low_0.2,119,0.7674547785215783,0.8067226890756303,0.36006934100805216
main_119,p53 signaling pathway,without_mid_1,119,0.9519726534681672,0.8907563025210085,0.12132402503520043
main_119,p53 signaling pathway,without_high_10,119,0.22578692493946736,0.5462184873949579,1.727849587179692
