OASIS_ID,Compound_name,Morphology,MT,Cell_count,LDH
OASIS104,Puromycin aminonucleoside,0.2969187962594268,2.389651605313172,17.2699094222096,51.85184174956684
OASIS1847,Tenofovir alafenamide,0.7350193380511798,0.8994221591222646,34.718921309586854,97.58911385128836
OASIS1131,Nitazoxanide,22.665333196705127,31.935392015278907,37.28315054242084,58.29378244823705
OASIS1455,Gefitinib,7.935931007082048,12.471705957542344,30.57477776257356,63.31009859991856
OASIS1817,Carfilzomib,0.8593125745364433,1.971734309447428,2.5279446872470586,2.1544466296247324
OASIS1827,Brigatinib,0.3380217128919517,2.4519865157557894,5.389338571199919,43.48134401238987
OASIS898,Proguanil,6.33500842581265,10.2320123750147,31.43675100063329,54.223119543613485
OASIS1802,Voclosporin,3.404202779331753,16.291661235649464,23.31610158565752,43.101313347121646
OASIS1534,Hycanthone,0.1274793393001039,0.2211096988957997,0.0573899970811322,0.6474303073425847
OASIS937,Imatinib,3.684572403666732,11.29230004194394,23.285316990716723,43.95722693861175
OASIS1287,Amlodipine,27.20892238437505,39.77333091472596,32.32161431614519,34.40843031451489
OASIS1288,Amoxapine,16.309829374169613,15.311460018601696,29.81733062861013,33.960644571434464
OASIS1238,Saquinavir,12.735021149011333,34.373889166830786,40.49850678552727,38.5901607598145
OASIS028,Tamoxifen,26.88106195926436,49.26444549334328,43.59419350242749,46.44292534120548
OASIS650,Rifabutin,10.255778112355516,32.83915601545113,68.60899074039266,72.37185776598845
OASIS1206,Etidronic acid,18.697417443730043,12.428041520037729,39.47609422348357,81.74658012504513
OASIS1479,Cinacalcet,24.310744489047607,44.01455552938264,49.13141220746986,79.50940439272547
OASIS1952,Abemaciclib,0.1784806743040818,0.1669475907714922,0.2967486627421923,1.4499473329624135
OASIS126,SSR69071,23.307578699967117,8.95705965699234,13.746335368564914,69.47034498174082
OASIS1734,Berotralstat (dihydrochloride),23.57092435982433,32.11926429597448,12.942935739687885,40.53546085527765
OASIS834,Temsirolimus,0.3526793110210434,0.1713842179638102,38.82169446234515,74.47260376750243
OASIS1915,Fidaxomicin,26.47604549686928,0.4710719969380788,30.07789583289248,57.031835415458055
OASIS1067,Prazosin,22.196104007419677,37.186953297586015,72.23221474627191,26.620204403018487
OASIS725,Perphenazine,18.085422176956257,38.274163398572405,43.04345065195759,21.93342404775801
OASIS1912,Vortioxetine,0.6206879751434176,18.923961357872308,14.328545854902329,14.464394824923444
OASIS1513,Bithionol,28.41136323696138,32.802064199372275,43.49659428940735,30.34247358091158
OASIS1875,Ixazomib,0.0685109126743853,4.817247014485472,1.5118881196297638,9.506756944644543
OASIS967,Dronedarone,7.248431450264064,6.604336156807714,19.11954015814792,59.128294026119015
OASIS201,SSR240612,4.186439077627905,25.082595142966284,18.55946016208999,31.804333203209776
OASIS1928,Lonafarnib,7.937463015886461,4.442863867238165,48.86826606320099,94.26165120107642
OASIS995,Amsacrine,11.68751113905471,13.57941797671978,17.613985245564777,31.26012830296682
OASIS571,Basic green 4,13.271092030881544,33.58551834265348,41.42048538069653,34.540837359506185
OASIS066,Nitrofurantoin,5.055434144789746,15.308521819909776,23.818854787013656,24.115129151087057
OASIS1777,Eliglustat,27.47537978663729,24.45310171527972,43.154631911639136,96.73762816146164
OASIS540,"N,N-Dicyclohexylcarbodiimide(DCC)",3.689455339358457,15.885216903540472,18.93773254377101,71.09713784836616
OASIS465,3-Iodoprop-2-yn-1-yl butylcarbamate,11.939969726656136,7.519392239584811,14.394669103346128,53.20986433816129
OASIS1867,Regorafenib,3.496131301487763,1.5647590637489397,34.288150111286534,93.81813790518098
OASIS1252,Ebastine,8.87573986628744,22.086054479946352,40.75632062625247,71.75624229370193
OASIS840,Fluvoxamine,27.247793001290567,50.13371657506321,33.15317114268846,63.433249753849545
OASIS773,Mometasone,1.67638170095895,42.5666610855945,26.545123132551733,70.23754702585457
OASIS597,Cobicistat,9.691838677860574,6.731427952238798,33.49460014417691,39.902536212411896
OASIS1886,Neratinib,3.4952360288390487,0.8047570487101978,25.741312589902403,47.269564261783785
OASIS1835,Dacomitinib,2.3630429839484526,1.6082800495625675,10.423110701004504,23.49291969612044
OASIS1749,Ferric maltol,9.45944766128309,6.6416516610827445,16.707389783187292,20.85117960793336
OASIS1770,Bosutinib (hydrate),1.3464562095231958,4.083455774692316,7.120677552890214,35.95968521257178
OASIS940,Bortezomib,0.0170458626092092,0.2329127674260326,0.0723366747019216,0.1823481322362754
OASIS023,Chlorpromazine,31.347915911927675,33.61634847546372,33.51066201997187,69.705345046921
OASIS122,Diallyl phthalate,5.677384877574895,92.83932402838089,79.36781518954375,88.73956951891068
OASIS1396,Apomorphine,20.5827510299232,37.03833677304634,43.77664467305937,94.23666148558972
OASIS1874,Idelalisib,11.63262684545494,0.406036108512837,68.39767314528272,97.88786364186336
OASIS1304,Fluoxetine,25.033973063277617,31.136992869833747,13.420935783113904,65.15402721668234
OASIS1785,Lurbinectedin,0.0155725798761669,0.0174018963703065,0.0179946929979511,0.1452490687308556
OASIS188,Maropitant,7.647464669499438,21.17925669281067,21.21298827124924,55.66667102292432
OASIS011,Cyclosporin A,3.3053367640993336,22.48952758748431,28.044121699773847,82.72643142577249
OASIS1168,Ximelagatran,40.59745588976295,71.128388108608,69.3071582925648,90.3989624459148
OASIS1744,Vandetanib,0.8536077127900997,1.3064331768245654,8.144952930197055,28.18294261819918
OASIS1275,Crizotinib,3.896997262191527,2.061970720726403,10.096127914393875,11.57526468838618
OASIS007,Nitrofurazone,6.690501459624371,4.544274463555655,9.142222012993637,37.0636734771473
OASIS1880,Gilteritinib,0.1985484317323786,1.6106499993951149,4.358279566644383,13.84513666807113
OASIS1736,Rucaparib,4.540027774134538,3.5981741474675744,19.897098072428523,26.4252801186965
OASIS1412,Hydroxychloroquine,2.947979093794636,17.26919080304126,28.695468015114347,52.38606819666038
OASIS745,Sunitinib,1.647070658208598,4.121546090404775,13.808584440852838,15.121368671297184
OASIS1811,Brexpiprazole,7.771684385958484,10.225000314516189,27.367543300577363,18.774152847199694
OASIS1794,Fostamatinib,0.738098492221284,7.978393412575257,3.437998113544757,39.83226278592962
OASIS1745,Ceritinib,2.493688568861505,10.81158793768588,48.196500282584765,7.225185212612814
OASIS851,Pirarubicin,0.0401021193814902,0.45114663261306,0.6748860107659355,0.656733959125594
OASIS1752,Ribociclib,9.88899402853239,10.65127110370452,30.868434125975053,47.661756634551935
OASIS1345,Fluspirilene,20.005438623999517,42.78598936951722,35.27387511928344,65.88277460263248
OASIS1377,Metopimazine,29.54694514658314,36.75789898010714,49.847058035446494,44.28671959434311
OASIS1434,Primaquine,9.519520464589297,7.27825431876516,14.55751219101239,49.15014160826046
OASIS1418,Mequitazine,10.54531124344811,6.351994826904335,27.67646907180045,48.935041711554135
OASIS1917,Fedratinib (hydrochloride hydrate),2.241788707072096,2.0642470112213287,11.714926250074932,11.684246487315596
OASIS1060,Mitoxantrone,0.1639862453883629,0.3047508086133796,0.334042323412388,0.3583621430358844
OASIS1836,Ponatinib (hydrochloride),0.6505953718720251,0.479372971298536,5.98007632269926,12.058978337242952
OASIS1868,Cobimetinib,9.303136837983804,1.6150680881431965,9.308294755558585,20.488317272541337
OASIS362,Triclosan,4.6347119545507045,96.54310737868038,49.54896246820005,97.86208444175833
OASIS1950,Infigratinib,10.48740254948522,8.807895282647827,28.83662394840707,99.60733989607505
OASIS656,Docetaxel,0.92322858573944,57.5835847910173,84.11862405402913,99.1830956355866
OASIS1486,Romidepsin,0.0180932164703973,0.1185963140656498,0.4334256719824563,11.37174852928662
OASIS680,Falnidamol,20.92414965926177,15.83794562860321,40.898444601154814,41.42235849061366
OASIS720,Levomepromazine,30.856676235591323,42.99560552540061,28.637643099874698,89.92162836273839
OASIS557,Fluazinam,0.7993659862017273,10.876804135548609,9.06090763724232,73.71077648532805
OASIS1772,Afatinib,1.3915334815940763,1.6280350224283102,12.422485402951766,19.180913584712727
OASIS1215,Plicamycin,0.0169871356721112,0.0254773613122376,0.0808706735212626,0.141948210024492
OASIS1320,Piperacetazine,4.539846183353828,4.106437968212095,17.511221308517857,23.354888591940814
OASIS1586,Atazanavir,12.79096140925193,0.2772279528022925,89.27831213953382,83.76142798037645
OASIS1764,Mobocertinib,2.94922766866144,16.15854728082886,7.558463071440665,10.71592294005346
OASIS249,Benzethonium (chloride),6.627808191454788,7.183047138946724,11.212924521011445,17.388104809924048
OASIS1825,Osimertinib,2.0487379283328546,6.264146252244623,15.467199299606168,25.22888689434075
OASIS1340,Sorafenib,1.603103283868719,0.93919834311086,10.667841111189674,84.09044904620026
OASIS1488,Pazopanib,3.999822541176784,2.568509283423276,40.19523823350756,88.51850653847147
OASIS957,Telithromycin,24.624576586310287,12.964715329383816,93.80951828203791,62.07797875952822
OASIS1883,Maralixibat (chloride),22.970663617432663,41.9527476873294,93.75801477218492,68.93175567700584
OASIS1050,Suloctidil,12.969167354337296,20.81323351807856,42.571293499112286,32.08659018788439
OASIS573,"N-Decyl-N,N-dimethyldecan-1-aminium (chloride)",10.612198507879569,26.458363054706936,27.687611571387997,91.9248747957518
OASIS1863,Lomitapide (mesylate),1.4742429432252464,7.274009187848456,12.558980992784006,36.99207952511823
OASIS934,Ethacrynic acid,22.92762160203188,6.849395417450458,36.14347067403831,59.98541917835321
OASIS1853,Baloxavir marboxil,3.470444527081965,7.546563416211676,26.582278731963157,32.18649455266615
OASIS822,Terfenadine,2.1117504509738096,13.63234552879678,22.536169176862977,29.0255924736611
OASIS093,Clomipramine,3.2746380609655192,39.73889934896748,50.26630617045926,75.28728014005183
OASIS1038,Haloperidol,16.45950153083934,13.18400149833784,36.42236121997893,95.74267311520788
OASIS307,Aflatoxin B1,0.742351952162851,2.3335210093088223,1.922872746948059,1.0726492097880929
OASIS1501,Astemizole,7.8929575994361105,9.959704512057169,13.317244029448114,22.351445996051478
OASIS1808,Panobinostat,0.0178890024204383,0.1079174814594886,0.9235731876742914,65.67507403581936
OASIS853,Trabectedin,0.0154099855842605,0.0152143866491375,0.0168563458833809,0.0592825672065744
OASIS337,Desloratadine,13.149552483250732,33.72169688895428,34.80914298103761,46.847190457557375
OASIS1179,Hexachlorophene,7.031223681261489,13.31195849623662,22.21674099388721,36.39288409840219
OASIS1098,Digoxin,0.0384346576100118,0.0918662044559283,0.1360711761240609,1.36639614931609
OASIS1710,Telotristat ethyl,2.849631123039913,34.2413777110919,33.610308437699416,10.366701716115951
OASIS1893,Selinexor,0.5357664267921756,0.1098661191012917,15.046959539870173,17.648570419543717
OASIS1499,Actinomycin D,0.0155700454162745,0.0152236027194535,0.017424201952366,0.0807476911901456
OASIS411,Bifenazate,5.478656715672632,6.6668190079609575,43.18121399851467,82.32171431879983
OASIS595,Curcumin,23.54788838149449,64.18797257892975,32.771199847578345,74.23783900868409
OASIS1729,Entrectinib,1.531440948899187,7.263247145117446,10.543803322617064,11.90675956088099
OASIS791,Amodiaquine,3.3712850229627587,3.154908480115347,20.27362260840668,32.27853869547243
OASIS419,Azoxystrobin,9.943789066305914,24.37223998556709,43.75153706975868,32.80809704659713
OASIS926,Raloxifene,22.58169667492128,39.90098161084482,45.641985216071234,74.27283169544971
OASIS1705,Erdafitinib,0.5783574542991698,2.688402425795796,17.73702466822963,24.94599298596384
OASIS1379,Fesoterodine,9.49258990944898,18.67696513883313,18.86403609728749,38.40986007079363
OASIS1829,Pemigatinib,2.6288088119482023,5.723052903521623,85.85654628778303,71.70105116583937
OASIS1639,Pararosaniline (hydrochloride),1.5559028773081376,3.5068140175449525,7.762422240899635,17.456282729981684
