member,context,status,rows,columns,crc32,plate,replicate,dmso_wells,invalid_counts
Aggregated_Profiles/aggregated_data/FMP_U2OS/2023-04-04_U2OS_10uM_B1001_R1_CP_Profiles_Aggregated.csv,FMP_U2OS,included,376.0,2981.0,944688743.0,B1001,R1,32.0,0.0
Aggregated_Profiles/aggregated_data/FMP_U2OS/2023-04-04_U2OS_10uM_B1001_R2_CP_Profiles_Aggregated.csv,FMP_U2OS,included,377.0,2981.0,395643966.0,B1001,R2,28.0,0.0
Aggregated_Profiles/aggregated_data/FMP_U2OS/2023-04-05_U2OS_10uM_B1001_R3_CP_Profiles_Aggregated.csv,FMP_U2OS,included,376.0,2981.0,1362678991.0,B1001,R3,28.0,0.0
Aggregated_Profiles/aggregated_data/FMP_U2OS/2023-04-05_U2OS_10uM_B1001_R4_CP_Profiles_Aggregated.csv,FMP_U2OS,included,377.0,2981.0,11086869.0,B1001,R4,28.0,0.0
Aggregated_Profiles/aggregated_data/FMP_U2OS/2023-04-05_U2OS_10uM_B1002_R1_CP_Profiles_Aggregated.csv,FMP_U2OS,included,374.0,2981.0,1415403624.0,B1002,R1,32.0,0.0
Aggregated_Profiles/aggregated_data/FMP_U2OS/2023-04-05_U2OS_10uM_B1002_R2_CP_Profiles_Aggregated.csv,FMP_U2OS,included,377.0,2981.0,3776028105.0,B1002,R2,28.0,0.0
Aggregated_Profiles/aggregated_data/FMP_U2OS/2023-04-06_U2OS_10uM_B1002_R3_CP_Profiles_Aggregated.csv,FMP_U2OS,included,378.0,2981.0,40815356.0,B1002,R3,28.0,0.0
Aggregated_Profiles/aggregated_data/FMP_U2OS/2023-04-06_U2OS_10uM_B1002_R4_CP_Profiles_Aggregated.csv,FMP_U2OS,included,379.0,2981.0,3891609719.0,B1002,R4,28.0,0.0
Aggregated_Profiles/aggregated_data/FMP_U2OS/2023-04-06_U2OS_10uM_B1003_R1_CP_Profiles_Aggregated.csv,FMP_U2OS,included,379.0,2981.0,2725817710.0,B1003,R1,32.0,0.0
Aggregated_Profiles/aggregated_data/FMP_U2OS/2023-04-06_U2OS_10uM_B1003_R2_CP_Profiles_Aggregated.csv,FMP_U2OS,included,380.0,2981.0,2720559916.0,B1003,R2,28.0,0.0
Aggregated_Profiles/aggregated_data/FMP_U2OS/2023-04-07_U2OS_10uM_B1003_R3_CP_Profiles_Aggregated.csv,FMP_U2OS,included,381.0,2981.0,642656573.0,B1003,R3,28.0,0.0
Aggregated_Profiles/aggregated_data/FMP_U2OS/2023-04-07_U2OS_10uM_B1003_R4_CP_Profiles_Aggregated.csv,FMP_U2OS,included,381.0,2981.0,687476198.0,B1003,R4,28.0,0.0
Aggregated_Profiles/aggregated_data/FMP_U2OS/2023-04-07_U2OS_10uM_B1004_R1_CP_Profiles_Aggregated.csv,FMP_U2OS,included,380.0,2981.0,3390742811.0,B1004,R1,32.0,0.0
Aggregated_Profiles/aggregated_data/FMP_U2OS/2023-04-07_U2OS_10uM_B1004_R2_CP_Profiles_Aggregated.csv,FMP_U2OS,included,380.0,2981.0,398247818.0,B1004,R2,28.0,0.0
Aggregated_Profiles/aggregated_data/FMP_U2OS/2023-04-07_U2OS_10uM_B1004_R3_CP_Profiles_Aggregated.csv,FMP_U2OS,included,380.0,2981.0,3285737820.0,B1004,R3,28.0,0.0
Aggregated_Profiles/aggregated_data/FMP_U2OS/2023-04-08_U2OS_10uM_B1004_R4_CP_Profiles_Aggregated.csv,FMP_U2OS,included,382.0,2981.0,1490296624.0,B1004,R4,28.0,0.0
Aggregated_Profiles/aggregated_data/FMP_U2OS/2023-04-09_U2OS_10uM_B1005_R1_CP_Profiles_Aggregated.csv,FMP_U2OS,included,380.0,2981.0,2222513670.0,B1005,R1,32.0,0.0
Aggregated_Profiles/aggregated_data/FMP_U2OS/2023-04-09_U2OS_10uM_B1005_R2_CP_Profiles_Aggregated.csv,FMP_U2OS,included,379.0,2981.0,667093268.0,B1005,R2,28.0,0.0
Aggregated_Profiles/aggregated_data/FMP_U2OS/2023-04-09_U2OS_10uM_B1005_R3_CP_Profiles_Aggregated.csv,FMP_U2OS,included,383.0,2981.0,3646430958.0,B1005,R3,28.0,0.0
Aggregated_Profiles/aggregated_data/FMP_U2OS/2023-04-09_U2OS_10uM_B1005_R4_CP_Profiles_Aggregated.csv,FMP_U2OS,included,381.0,2981.0,121889532.0,B1005,R4,28.0,0.0
Aggregated_Profiles/aggregated_data/FMP_U2OS/2023-04-09_U2OS_10uM_B1006_R1_CP_Profiles_Aggregated.csv,FMP_U2OS,included,381.0,2981.0,964128541.0,B1006,R1,32.0,0.0
Aggregated_Profiles/aggregated_data/FMP_U2OS/2023-04-09_U2OS_10uM_B1006_R2_CP_Profiles_Aggregated.csv,FMP_U2OS,included,381.0,2981.0,1551698186.0,B1006,R2,28.0,0.0
Aggregated_Profiles/aggregated_data/FMP_U2OS/2023-04-10_U2OS_10uM_B1006_R3_CP_Profiles_Aggregated.csv,FMP_U2OS,included,379.0,2981.0,2618024870.0,B1006,R3,28.0,0.0
Aggregated_Profiles/aggregated_data/FMP_U2OS/2023-04-10_U2OS_10uM_B1006_R4_CP_Profiles_Aggregated.csv,FMP_U2OS,included,380.0,2981.0,1940940959.0,B1006,R4,28.0,0.0
Aggregated_Profiles/aggregated_data/FMP_U2OS/2023-04-10_U2OS_10uM_B1007_R1_CP_Profiles_Aggregated.csv,FMP_U2OS,included,383.0,2981.0,3670778076.0,B1007,R1,32.0,0.0
Aggregated_Profiles/aggregated_data/FMP_U2OS/2023-04-10_U2OS_10uM_B1007_R2_CP_Profiles_Aggregated.csv,FMP_U2OS,included,382.0,2981.0,482776090.0,B1007,R2,28.0,0.0
Aggregated_Profiles/aggregated_data/FMP_U2OS/2023-04-10_U2OS_10uM_B1007_R3_CP_Profiles_Aggregated.csv,FMP_U2OS,included,381.0,2981.0,2263891228.0,B1007,R3,28.0,0.0
Aggregated_Profiles/aggregated_data/FMP_U2OS/2023-04-11_U2OS_10uM_B1007_R4_CP_Profiles_Aggregated.csv,FMP_U2OS,included,382.0,2981.0,2816837021.0,B1007,R4,28.0,0.0
Aggregated_Profiles/aggregated_data/FMP_HepG2/2022-07-11_R1_B1001_CP_Profiles_Aggregated.csv,FMP_HepG2,included,382.0,2981.0,2377104103.0,B1001,R1,28.0,0.0
Aggregated_Profiles/aggregated_data/FMP_HepG2/2022-07-11_R1_B1002_CP_Profiles_Aggregated.csv,FMP_HepG2,included,381.0,2981.0,1221864683.0,B1002,R1,28.0,0.0
Aggregated_Profiles/aggregated_data/FMP_HepG2/2022-07-11_R1_B1003_CP_Profiles_Aggregated.csv,FMP_HepG2,included,381.0,2981.0,3516333284.0,B1003,R1,28.0,0.0
Aggregated_Profiles/aggregated_data/FMP_HepG2/2022-07-11_R1_B1004_CP_Profiles_Aggregated.csv,FMP_HepG2,included,382.0,2981.0,2998945615.0,B1004,R1,28.0,0.0
Aggregated_Profiles/aggregated_data/FMP_HepG2/2022-07-11_R1_B1005_CP_Profiles_Aggregated.csv,FMP_HepG2,included,380.0,2981.0,2922317357.0,B1005,R1,28.0,0.0
Aggregated_Profiles/aggregated_data/FMP_HepG2/2022-07-11_R1_B1006_CP_Profiles_Aggregated.csv,FMP_HepG2,included,384.0,2981.0,1228694993.0,B1006,R1,28.0,0.0
Aggregated_Profiles/aggregated_data/FMP_HepG2/2022-07-11_R1_B1007_CP_Profiles_Aggregated.csv,FMP_HepG2,included,382.0,2981.0,1838892067.0,B1007,R1,28.0,0.0
Aggregated_Profiles/aggregated_data/FMP_HepG2/2022-07-11_R2_B1001_CP_Profiles_Aggregated.csv,FMP_HepG2,included,382.0,2981.0,2145901459.0,B1001,R2,28.0,0.0
Aggregated_Profiles/aggregated_data/FMP_HepG2/2022-07-11_R2_B1002_CP_Profiles_Aggregated.csv,FMP_HepG2,included,382.0,2981.0,1178428876.0,B1002,R2,28.0,0.0
Aggregated_Profiles/aggregated_data/FMP_HepG2/2022-07-11_R2_B1003_CP_Profiles_Aggregated.csv,FMP_HepG2,included,381.0,2981.0,967560409.0,B1003,R2,28.0,0.0
Aggregated_Profiles/aggregated_data/FMP_HepG2/2022-07-11_R2_B1004_CP_Profiles_Aggregated.csv,FMP_HepG2,included,383.0,2981.0,3066602424.0,B1004,R2,28.0,0.0
Aggregated_Profiles/aggregated_data/FMP_HepG2/2022-07-11_R2_B1005_CP_Profiles_Aggregated.csv,FMP_HepG2,included,380.0,2981.0,1335004695.0,B1005,R2,28.0,0.0
Aggregated_Profiles/aggregated_data/FMP_HepG2/2022-07-11_R2_B1006_CP_Profiles_Aggregated.csv,FMP_HepG2,included,384.0,2981.0,2004242419.0,B1006,R2,28.0,0.0
Aggregated_Profiles/aggregated_data/FMP_HepG2/2022-07-11_R2_B1007_CP_Profiles_Aggregated.csv,FMP_HepG2,included,382.0,2981.0,1744619607.0,B1007,R2,28.0,0.0
Aggregated_Profiles/aggregated_data/FMP_HepG2/2022-07-11_R3_B1001_CP_Profiles_Aggregated.csv,FMP_HepG2,included,383.0,2981.0,3346518471.0,B1001,R3,28.0,0.0
Aggregated_Profiles/aggregated_data/FMP_HepG2/2022-07-11_R3_B1002_CP_Profiles_Aggregated.csv,FMP_HepG2,included,384.0,2981.0,3430427454.0,B1002,R3,28.0,0.0
Aggregated_Profiles/aggregated_data/FMP_HepG2/2022-07-11_R3_B1003_CP_Profiles_Aggregated.csv,FMP_HepG2,included,382.0,2981.0,1109352741.0,B1003,R3,28.0,0.0
Aggregated_Profiles/aggregated_data/FMP_HepG2/2022-07-11_R3_B1004_CP_Profiles_Aggregated.csv,FMP_HepG2,included,381.0,2981.0,4204289725.0,B1004,R3,28.0,0.0
Aggregated_Profiles/aggregated_data/FMP_HepG2/2022-07-11_R3_B1005_CP_Profiles_Aggregated.csv,FMP_HepG2,included,382.0,2981.0,2255790428.0,B1005,R3,28.0,0.0
Aggregated_Profiles/aggregated_data/FMP_HepG2/2022-07-11_R3_B1006_CP_Profiles_Aggregated.csv,FMP_HepG2,included,383.0,2981.0,2274742797.0,B1006,R3,28.0,0.0
Aggregated_Profiles/aggregated_data/FMP_HepG2/2022-07-11_R3_B1007_CP_Profiles_Aggregated.csv,FMP_HepG2,included,382.0,2981.0,3470216646.0,B1007,R3,28.0,0.0
Aggregated_Profiles/aggregated_data/FMP_HepG2/2022-07-11_R4_B1001_CP_Profiles_Aggregated.csv,FMP_HepG2,included,383.0,2981.0,2137749106.0,B1001,R4,28.0,0.0
Aggregated_Profiles/aggregated_data/FMP_HepG2/2022-07-11_R4_B1002_CP_Profiles_Aggregated.csv,FMP_HepG2,included,383.0,2981.0,1746929063.0,B1002,R4,28.0,0.0
Aggregated_Profiles/aggregated_data/FMP_HepG2/2022-07-11_R4_B1003_CP_Profiles_Aggregated.csv,FMP_HepG2,included,381.0,2981.0,3247941318.0,B1003,R4,28.0,0.0
Aggregated_Profiles/aggregated_data/FMP_HepG2/2022-07-11_R4_B1004_CP_Profiles_Aggregated.csv,FMP_HepG2,included,382.0,2981.0,443583276.0,B1004,R4,28.0,0.0
Aggregated_Profiles/aggregated_data/FMP_HepG2/2022-07-11_R4_B1005_CP_Profiles_Aggregated.csv,FMP_HepG2,included,379.0,2981.0,1142104742.0,B1005,R4,28.0,0.0
Aggregated_Profiles/aggregated_data/FMP_HepG2/2022-07-11_R4_B1006_CP_Profiles_Aggregated.csv,FMP_HepG2,included,384.0,2981.0,1922319350.0,B1006,R4,28.0,0.0
Aggregated_Profiles/aggregated_data/FMP_HepG2/2022-07-11_R4_B1007_CP_Profiles_Aggregated.csv,FMP_HepG2,included,382.0,2981.0,4224354689.0,B1007,R4,28.0,0.0
Aggregated_Profiles/aggregated_data/USC_HepG2/2023-11-23_HepG2_10uM_B1003_R1_CP_Profiles_Aggregated.csv,USC_HepG2,included,384.0,2981.0,210491671.0,B1003,R1,28.0,0.0
Aggregated_Profiles/aggregated_data/USC_HepG2/2023-11-17_HepG2_10uM_B1002_R3_CP_Profiles_Aggregated.csv,USC_HepG2,included,384.0,2981.0,2802517926.0,B1002,R3,28.0,0.0
Aggregated_Profiles/aggregated_data/USC_HepG2/2023-11-17_HepG2_10uM_B1002_R2_CP_Profiles_Aggregated.csv,USC_HepG2,included,384.0,2981.0,434699556.0,B1002,R2,28.0,0.0
Aggregated_Profiles/aggregated_data/USC_HepG2/2023-11-21_HepG2_10uM_B1005_R1_CP_Profiles_Aggregated.csv,USC_HepG2,included,383.0,2981.0,789223603.0,B1005,R1,28.0,0.0
Aggregated_Profiles/aggregated_data/USC_HepG2/2023-11-22_HepG2_10uM_B1006_R2_CP_Profiles_Aggregated.csv,USC_HepG2,included,384.0,2981.0,1893521957.0,B1006,R2,28.0,0.0
Aggregated_Profiles/aggregated_data/USC_HepG2/2023-11-17_HepG2_10uM_B1002_R1_CP_Profiles_Aggregated.csv,USC_HepG2,included,384.0,2981.0,452511123.0,B1002,R1,28.0,0.0
Aggregated_Profiles/aggregated_data/USC_HepG2/2023-11-27_HepG2_10uM_B1007_R2_CP_Profiles_Aggregated.csv,USC_HepG2,included,382.0,2981.0,2613394245.0,B1007,R2,28.0,0.0
Aggregated_Profiles/aggregated_data/USC_HepG2/2023-11-15_HepG2_10uM_B1001_R4_CP_Profiles_Aggregated.csv,USC_HepG2,included,384.0,2981.0,898123712.0,B1001,R4,28.0,0.0
Aggregated_Profiles/aggregated_data/USC_HepG2/2023-11-21_HepG2_10uM_B1005_R2_CP_Profiles_Aggregated.csv,USC_HepG2,included,383.0,2981.0,145068040.0,B1005,R2,28.0,0.0
Aggregated_Profiles/aggregated_data/USC_HepG2/2023-11-18_HepG2_10uM_B1004_R3_CP_Profiles_Aggregated.csv,USC_HepG2,included,383.0,2981.0,785461298.0,B1004,R3,28.0,0.0
Aggregated_Profiles/aggregated_data/USC_HepG2/2023-11-18_HepG2_10uM_B1003_R4_CP_Profiles_Aggregated.csv,USC_HepG2,included,384.0,2981.0,1131993224.0,B1003,R4,28.0,0.0
Aggregated_Profiles/aggregated_data/USC_HepG2/2023-11-18_HepG2_10uM_B1004_R2_CP_Profiles_Aggregated.csv,USC_HepG2,included,384.0,2981.0,3304435624.0,B1004,R2,28.0,0.0
Aggregated_Profiles/aggregated_data/USC_HepG2/2023-11-15_HepG2_10uM_B1001_R1_CP_Profiles_Aggregated.csv,USC_HepG2,included,384.0,2981.0,842302141.0,B1001,R1,28.0,0.0
Aggregated_Profiles/aggregated_data/USC_HepG2/2023-11-22_HepG2_10uM_B1006_R4_CP_Profiles_Aggregated.csv,USC_HepG2,included,384.0,2981.0,2660777280.0,B1006,R4,28.0,0.0
Aggregated_Profiles/aggregated_data/USC_HepG2/2023-11-17_HepG2_10uM_B1002_R4_CP_Profiles_Aggregated.csv,USC_HepG2,included,384.0,2981.0,4135685953.0,B1002,R4,28.0,0.0
Aggregated_Profiles/aggregated_data/USC_HepG2/2023-11-17_HepG2_10uM_B1003_R3_CP_Profiles_Aggregated.csv,USC_HepG2,included,384.0,2981.0,1730054815.0,B1003,R3,28.0,0.0
Aggregated_Profiles/aggregated_data/USC_HepG2/2023-11-21_HepG2_10uM_B1005_R3_CP_Profiles_Aggregated.csv,USC_HepG2,included,384.0,2981.0,3132786998.0,B1005,R3,28.0,0.0
Aggregated_Profiles/aggregated_data/USC_HepG2/2023-11-18_HepG2_10uM_B1004_R1_CP_Profiles_Aggregated.csv,USC_HepG2,included,384.0,2981.0,2456092924.0,B1004,R1,28.0,0.0
Aggregated_Profiles/aggregated_data/USC_HepG2/2023-11-23_HepG2_10uM_B1003_R2_CP_Profiles_Aggregated.csv,USC_HepG2,included,384.0,2981.0,3675231134.0,B1003,R2,28.0,0.0
Aggregated_Profiles/aggregated_data/USC_HepG2/2023-11-22_HepG2_10uM_B1005_R4_CP_Profiles_Aggregated.csv,USC_HepG2,included,384.0,2981.0,1288552154.0,B1005,R4,28.0,0.0
Aggregated_Profiles/aggregated_data/USC_HepG2/2023-11-18_HepG2_10uM_B1004_R4_CP_Profiles_Aggregated.csv,USC_HepG2,included,384.0,2981.0,3310955654.0,B1004,R4,28.0,0.0
Aggregated_Profiles/aggregated_data/USC_HepG2/2023-11-22_HepG2_10uM_B1006_R1_CP_Profiles_Aggregated.csv,USC_HepG2,included,384.0,2981.0,2812910770.0,B1006,R1,28.0,0.0
Aggregated_Profiles/aggregated_data/USC_HepG2/2023-11-15_HepG2_10uM_B1001_R3_CP_Profiles_Aggregated.csv,USC_HepG2,included,384.0,2981.0,1250162370.0,B1001,R3,28.0,0.0
Aggregated_Profiles/aggregated_data/USC_HepG2/2023-11-22_HepG2_10uM_B1007_R4_CP_Profiles_Aggregated.csv,USC_HepG2,included,384.0,2981.0,1729661632.0,B1007,R4,28.0,0.0
Aggregated_Profiles/aggregated_data/USC_HepG2/2023-11-22_HepG2_10uM_B1007_R1_CP_Profiles_Aggregated.csv,USC_HepG2,included,384.0,2981.0,4178703717.0,B1007,R1,28.0,0.0
Aggregated_Profiles/aggregated_data/USC_HepG2/2023-11-22_HepG2_10uM_B1007_R3_CP_Profiles_Aggregated.csv,USC_HepG2,included,384.0,2981.0,744150576.0,B1007,R3,28.0,0.0
Aggregated_Profiles/aggregated_data/USC_HepG2/2023-11-15_HepG2_10uM_B1001_R2_CP_Profiles_Aggregated.csv,USC_HepG2,included,384.0,2981.0,476994518.0,B1001,R2,28.0,0.0
Aggregated_Profiles/aggregated_data/USC_HepG2/2023-11-22_HepG2_10uM_B1006_R3_CP_Profiles_Aggregated.csv,USC_HepG2,included,384.0,2981.0,1944558589.0,B1006,R3,28.0,0.0
Aggregated_Profiles/aggregated_data/MEDINA_HepG2/2023-11-13_HepG2_10uM_B1004_R4_CP_Profiles_Aggregated.csv,MEDINA_HepG2,included,384.0,2981.0,294510770.0,B1004,R4,28.0,0.0
Aggregated_Profiles/aggregated_data/MEDINA_HepG2/2023-11-14_HepG2_10uM_B1006_R4_CP_Profiles_Aggregated.csv,MEDINA_HepG2,included,383.0,2981.0,95317347.0,B1006,R4,28.0,0.0
Aggregated_Profiles/aggregated_data/MEDINA_HepG2/2023-11-12_HepG2_10uM_B1001_R3_CP_Profiles_Aggregated.csv,MEDINA_HepG2,included,384.0,2981.0,811065245.0,B1001,R3,28.0,0.0
Aggregated_Profiles/aggregated_data/MEDINA_HepG2/2023-11-14_HepG2_10uM_B1005_R2_CP_Profiles_Aggregated.csv,MEDINA_HepG2,included,383.0,2981.0,767311858.0,B1005,R2,28.0,0.0
Aggregated_Profiles/aggregated_data/MEDINA_HepG2/2023-11-12_HepG2_10uM_B1001_R4_CP_Profiles_Aggregated.csv,MEDINA_HepG2,included,382.0,2981.0,2247790086.0,B1001,R4,28.0,0.0
Aggregated_Profiles/aggregated_data/MEDINA_HepG2/2023-11-12_HepG2_10uM_B1002_R1_CP_Profiles_Aggregated.csv,MEDINA_HepG2,included,384.0,2981.0,3722835319.0,B1002,R1,28.0,0.0
Aggregated_Profiles/aggregated_data/MEDINA_HepG2/2023-11-13_HepG2_10uM_B1004_R1_CP_Profiles_Aggregated.csv,MEDINA_HepG2,included,383.0,2981.0,12973341.0,B1004,R1,28.0,0.0
Aggregated_Profiles/aggregated_data/MEDINA_HepG2/2023-11-15_HepG2_10uM_B1007_R3_CP_Profiles_Aggregated.csv,MEDINA_HepG2,included,383.0,2981.0,3569900719.0,B1007,R3,28.0,0.0
Aggregated_Profiles/aggregated_data/MEDINA_HepG2/2023-11-14_HepG2_10uM_B1006_R1_CP_Profiles_Aggregated.csv,MEDINA_HepG2,included,384.0,2981.0,3435889076.0,B1006,R1,28.0,0.0
Aggregated_Profiles/aggregated_data/MEDINA_HepG2/2023-11-12_HepG2_10uM_B1002_R4_CP_Profiles_Aggregated.csv,MEDINA_HepG2,included,383.0,2981.0,790496779.0,B1002,R4,28.0,0.0
Aggregated_Profiles/aggregated_data/MEDINA_HepG2/2023-11-13_HepG2_10uM_B1003_R2_CP_Profiles_Aggregated.csv,MEDINA_HepG2,included,384.0,2981.0,2001279305.0,B1003,R2,28.0,0.0
Aggregated_Profiles/aggregated_data/MEDINA_HepG2/2023-11-10_HepG2_10uM_B1001_R1_CP_Profiles_Aggregated.csv,MEDINA_HepG2,included,383.0,2981.0,1111977978.0,B1001,R1,28.0,0.0
Aggregated_Profiles/aggregated_data/MEDINA_HepG2/2023-11-15_HepG2_10uM_B1007_R2_CP_Profiles_Aggregated.csv,MEDINA_HepG2,included,383.0,2981.0,4232740090.0,B1007,R2,28.0,0.0
Aggregated_Profiles/aggregated_data/MEDINA_HepG2/2023-11-14_HepG2_10uM_B1005_R4_CP_Profiles_Aggregated.csv,MEDINA_HepG2,included,384.0,2981.0,952943792.0,B1005,R4,28.0,0.0
Aggregated_Profiles/aggregated_data/MEDINA_HepG2/2023-11-13_HepG2_10uM_B1003_R3_CP_Profiles_Aggregated.csv,MEDINA_HepG2,included,384.0,2981.0,4087672517.0,B1003,R3,28.0,0.0
Aggregated_Profiles/aggregated_data/MEDINA_HepG2/2023-11-15_HepG2_10uM_B1007_R4_CP_Profiles_Aggregated.csv,MEDINA_HepG2,included,384.0,2981.0,30982111.0,B1007,R4,28.0,0.0
Aggregated_Profiles/aggregated_data/MEDINA_HepG2/2023-11-13_HepG2_10uM_B1003_R1_CP_Profiles_Aggregated.csv,MEDINA_HepG2,included,383.0,2981.0,4142264404.0,B1003,R1,28.0,0.0
Aggregated_Profiles/aggregated_data/MEDINA_HepG2/2023-11-14_HepG2_10uM_B1005_R3_CP_Profiles_Aggregated.csv,MEDINA_HepG2,included,384.0,2981.0,2226638377.0,B1005,R3,28.0,0.0
Aggregated_Profiles/aggregated_data/MEDINA_HepG2/2023-11-12_HepG2_10uM_B1002_R3_CP_Profiles_Aggregated.csv,MEDINA_HepG2,included,383.0,2981.0,1369927184.0,B1002,R3,28.0,0.0
Aggregated_Profiles/aggregated_data/MEDINA_HepG2/2023-11-14_HepG2_10uM_B1007_R1_CP_Profiles_Aggregated.csv,MEDINA_HepG2,included,383.0,2981.0,1930366127.0,B1007,R1,28.0,0.0
Aggregated_Profiles/aggregated_data/MEDINA_HepG2/2023-11-14_HepG2_10uM_B1006_R3_CP_Profiles_Aggregated.csv,MEDINA_HepG2,included,383.0,2981.0,827776414.0,B1006,R3,28.0,0.0
Aggregated_Profiles/aggregated_data/MEDINA_HepG2/2023-11-12_HepG2_10uM_B1001_R2_CP_Profiles_Aggregated.csv,MEDINA_HepG2,included,383.0,2981.0,3487652595.0,B1001,R2,28.0,0.0
Aggregated_Profiles/aggregated_data/MEDINA_HepG2/2023-11-14_HepG2_10uM_B1005_R1_CP_Profiles_Aggregated.csv,MEDINA_HepG2,included,382.0,2981.0,3057895903.0,B1005,R1,28.0,0.0
Aggregated_Profiles/aggregated_data/MEDINA_HepG2/2023-11-14_HepG2_10uM_B1006_R2_CP_Profiles_Aggregated.csv,MEDINA_HepG2,included,384.0,2981.0,522635743.0,B1006,R2,28.0,0.0
Aggregated_Profiles/aggregated_data/MEDINA_HepG2/2023-11-13_HepG2_10uM_B1004_R3_CP_Profiles_Aggregated.csv,MEDINA_HepG2,included,383.0,2981.0,2190242161.0,B1004,R3,28.0,0.0
Aggregated_Profiles/aggregated_data/MEDINA_HepG2/2023-11-12_HepG2_10uM_B1002_R2_CP_Profiles_Aggregated.csv,MEDINA_HepG2,included,384.0,2981.0,3084697141.0,B1002,R2,28.0,0.0
Aggregated_Profiles/aggregated_data/MEDINA_HepG2/2023-11-13_HepG2_10uM_B1003_R4_CP_Profiles_Aggregated.csv,MEDINA_HepG2,included,384.0,2981.0,817952497.0,B1003,R4,28.0,0.0
Aggregated_Profiles/aggregated_data/MEDINA_HepG2/2023-11-13_HepG2_10uM_B1004_R2_CP_Profiles_Aggregated.csv,MEDINA_HepG2,included,384.0,2981.0,4015620212.0,B1004,R2,28.0,0.0
Aggregated_Profiles/aggregated_data/IMTM_HepG2/2023-07-07_HepG2_10uM_B1007_R4_CP_Profiles_Aggregated.csv,IMTM_HepG2,included,383.0,2981.0,2111163739.0,B1007,R4,28.0,0.0
Aggregated_Profiles/aggregated_data/IMTM_HepG2/2023-07-17_HepG2_10uM_B1001_R4_CP_Profiles_Aggregated.csv,IMTM_HepG2,included,382.0,2981.0,536315599.0,B1001,R4,28.0,0.0
Aggregated_Profiles/aggregated_data/IMTM_HepG2/2023-07-06_HepG2_10uM_B1001_R3_CP_Profiles_Aggregated.csv,IMTM_HepG2,included,379.0,2981.0,664129798.0,B1001,R3,28.0,0.0
Aggregated_Profiles/aggregated_data/IMTM_HepG2/2023-07-07_HepG2_10uM_B1001_R4_CP_Profiles_Aggregated.csv,IMTM_HepG2,excluded_stale_pre_correction_duplicate,,,,,,,
Aggregated_Profiles/aggregated_data/IMTM_HepG2/2023-07-06_HepG2_10uM_B1001_R1_CP_Profiles_Aggregated.csv,IMTM_HepG2,included,378.0,2981.0,3444174824.0,B1001,R1,28.0,0.0
Aggregated_Profiles/aggregated_data/IMTM_HepG2/2023-07-06_HepG2_10uM_B1001_R2_CP_Profiles_Aggregated.csv,IMTM_HepG2,included,379.0,2981.0,2913329758.0,B1001,R2,28.0,0.0
Aggregated_Profiles/aggregated_data/IMTM_HepG2/2023-07-07_HepG2_10uM_B1002_R1_CP_Profiles_Aggregated.csv,IMTM_HepG2,included,382.0,2981.0,4058718166.0,B1002,R1,28.0,0.0
Aggregated_Profiles/aggregated_data/IMTM_HepG2/2023-07-07_HepG2_10uM_B1002_R2_CP_Profiles_Aggregated.csv,IMTM_HepG2,included,384.0,2981.0,347630919.0,B1002,R2,28.0,0.0
Aggregated_Profiles/aggregated_data/IMTM_HepG2/2023-07-09_HepG2_10uM_B1002_R3_CP_Profiles_Aggregated.csv,IMTM_HepG2,included,382.0,2981.0,4187514646.0,B1002,R3,28.0,0.0
Aggregated_Profiles/aggregated_data/IMTM_HepG2/2023-07-09_HepG2_10uM_B1002_R4_CP_Profiles_Aggregated.csv,IMTM_HepG2,included,383.0,2981.0,560351193.0,B1002,R4,28.0,0.0
Aggregated_Profiles/aggregated_data/IMTM_HepG2/2023-07-10_HepG2_10uM_B1003_R1_CP_Profiles_Aggregated.csv,IMTM_HepG2,included,384.0,2981.0,974301071.0,B1003,R1,28.0,0.0
Aggregated_Profiles/aggregated_data/IMTM_HepG2/2023-07-10_HepG2_10uM_B1003_R2_CP_Profiles_Aggregated.csv,IMTM_HepG2,included,383.0,2981.0,2607720771.0,B1003,R2,28.0,0.0
Aggregated_Profiles/aggregated_data/IMTM_HepG2/2023-07-20_HepG2_10uM_B1003_R3_CP_Profiles_Aggregated.csv,IMTM_HepG2,included,382.0,2981.0,1291185601.0,B1003,R3,28.0,0.0
Aggregated_Profiles/aggregated_data/IMTM_HepG2/2023-07-18_HepG2_10uM_B1003_R4_CP_Profiles_Aggregated.csv,IMTM_HepG2,included,384.0,2981.0,2037434781.0,B1003,R4,28.0,0.0
Aggregated_Profiles/aggregated_data/IMTM_HepG2/2023-07-11_HepG2_10uM_B1004_R1_CP_Profiles_Aggregated.csv,IMTM_HepG2,included,379.0,2981.0,1577207220.0,B1004,R1,28.0,0.0
Aggregated_Profiles/aggregated_data/IMTM_HepG2/2023-07-11_HepG2_10uM_B1004_R2_CP_Profiles_Aggregated.csv,IMTM_HepG2,included,380.0,2981.0,2768406648.0,B1004,R2,28.0,0.0
Aggregated_Profiles/aggregated_data/IMTM_HepG2/2023-07-19_HepG2_10uM_B1004_R3_CP_Profiles_Aggregated.csv,IMTM_HepG2,included,381.0,2981.0,3127029800.0,B1004,R3,28.0,0.0
Aggregated_Profiles/aggregated_data/IMTM_HepG2/2023-07-12_HepG2_10uM_B1004_R4_CP_Profiles_Aggregated.csv,IMTM_HepG2,included,378.0,2981.0,615114045.0,B1004,R4,28.0,0.0
Aggregated_Profiles/aggregated_data/IMTM_HepG2/2023-07-12_HepG2_10uM_B1005_R1_CP_Profiles_Aggregated.csv,IMTM_HepG2,included,379.0,2981.0,4096843596.0,B1005,R1,28.0,0.0
Aggregated_Profiles/aggregated_data/IMTM_HepG2/2023-07-12_HepG2_10uM_B1005_R2_CP_Profiles_Aggregated.csv,IMTM_HepG2,included,382.0,2981.0,707703517.0,B1005,R2,28.0,0.0
Aggregated_Profiles/aggregated_data/IMTM_HepG2/2023-07-13_HepG2_10uM_B1005_R3_CP_Profiles_Aggregated.csv,IMTM_HepG2,included,380.0,2981.0,2625468915.0,B1005,R3,28.0,0.0
Aggregated_Profiles/aggregated_data/IMTM_HepG2/2023-07-13_HepG2_10uM_B1005_R4_CP_Profiles_Aggregated.csv,IMTM_HepG2,included,379.0,2981.0,709371875.0,B1005,R4,28.0,0.0
Aggregated_Profiles/aggregated_data/IMTM_HepG2/2023-07-13_HepG2_10uM_B1006_R1_CP_Profiles_Aggregated.csv,IMTM_HepG2,included,381.0,2981.0,4095936375.0,B1006,R1,28.0,0.0
Aggregated_Profiles/aggregated_data/IMTM_HepG2/2023-07-14_HepG2_10uM_B1006_R2_CP_Profiles_Aggregated.csv,IMTM_HepG2,included,380.0,2981.0,488139329.0,B1006,R2,28.0,0.0
Aggregated_Profiles/aggregated_data/IMTM_HepG2/2023-07-14_HepG2_10uM_B1006_R3_CP_Profiles_Aggregated.csv,IMTM_HepG2,included,381.0,2981.0,2276233458.0,B1006,R3,28.0,0.0
Aggregated_Profiles/aggregated_data/IMTM_HepG2/2023-07-16_HepG2_10uM_B1006_R4_CP_Profiles_Aggregated.csv,IMTM_HepG2,included,381.0,2981.0,2873548560.0,B1006,R4,28.0,0.0
Aggregated_Profiles/aggregated_data/IMTM_HepG2/2023-07-16_HepG2_10uM_B1007_R1_CP_Profiles_Aggregated.csv,IMTM_HepG2,included,380.0,2981.0,2041074511.0,B1007,R1,28.0,0.0
Aggregated_Profiles/aggregated_data/IMTM_HepG2/2023-07-17_HepG2_10uM_B1007_R2_CP_Profiles_Aggregated.csv,IMTM_HepG2,included,381.0,2981.0,3846096553.0,B1007,R2,28.0,0.0
Aggregated_Profiles/aggregated_data/IMTM_HepG2/2023-07-17_HepG2_10uM_B1007_R3_CP_Profiles_Aggregated.csv,IMTM_HepG2,included,381.0,2981.0,2434885874.0,B1007,R3,28.0,0.0
